stage_order,stage_id,stage_label,constraint_applied,receiving_class,sink_latitude,sink_longitude,screening_value_burden_units_per_gj,value_retained_fraction,objective_detects_the_shift,evidence_status,eligibility,interpretation
1,human_burden_objective,Human-burden objective only,none,open_ocean,-35.23749923706055,219.375,777.7644653320312,1.0,False,MODEL_OUTPUT,THEORETICAL_ONLY,The objective rewards release where few people are exposed.
2,transport_locality,Transport-distance limit,maximum candidate distance,open_ocean,-12.380800247192385,116.25,777.7644653320312,1.0,False,MODEL_OUTPUT,THEORETICAL_ONLY,"Distance limits shorten the relocation, not the receiving-environment risk."
3,cryosphere_constraint,Cryosphere exclusion,cryosphere cells excluded,open_ocean,-12.380800247192385,116.25,777.7644653320312,1.0,False,MODEL_OUTPUT,THEORETICAL_ONLY,Snow and sea-ice cells are removed as receiving candidates.
4,ocean_constraint,Ocean exclusion,ocean cells excluded,land,44.76110076904297,135.0,777.7644653320312,1.0,False,MODEL_OUTPUT,THEORETICAL_ONLY,Open-water cells are removed as receiving candidates.
5,ocean_and_cryosphere_constraint,Ocean and cryosphere exclusion,ocean and cryosphere cells excluded,land,44.76110076904297,135.0,777.7644653320312,1.0,False,MODEL_OUTPUT,THEORETICAL_ONLY,The canonical constrained screening configuration.
6,same_location_temporal_alternative,Same-location temporal release,no spatial relocation; release delayed in place,source_location_atmosphere,23.809200286865234,90.0,419.3293762207031,0.5391469974675296,True,MODEL_OUTPUT,THEORETICAL_ONLY,Delaying release in place keeps the receiving environment unchanged and is the only screening option that does not move the burden to another location.
7,locality_and_capacity,Finite local receiving capacity,local heat-load cap on the receiving cell,land,,,,,True,MODEL_OUTPUT,THEORETICAL_ONLY,Feasible up to 100000 GJ per event; infeasible at 1000000 GJ under the local cap.
8,real_pathway_evidence_eligibility,Real pathway and evidence eligibility,case-specific public evidence requirements,engineered_reuse_and_storage,,,,,True,EVIDENCE_GATE,CONDITIONAL,6 closed-loop reuse or storage modes remain conditional; each carries unresolved case-specific evidence gaps.
9,supported_endpoint,Supported practical endpoint,all gates applied,none_supported,,,,,True,EVIDENCE_GATE,EXCLUDED,0 pathways are evidence-supported as delivered heat endpoints under the current public evidence.
