scenario,source_time,source_latitude,source_longitude,sink_latitude,sink_longitude,sink_is_ocean,sink_is_cryosphere,distance_km,source_marginal_benefit,sink_marginal_burden,net_benefit,result_type,energy_gj,status,source_temperature_change_k,sink_temperature_change_k,source_benefit_total,sink_burden_total,transport_penalty_total,net_benefit_total,net_benefit_per_gj
unrestricted_global,2023-06-05T00:00:00,23.809200286865234,90.0,-35.23749923706055,219.375,True,False,15010.116995221882,777.7644653320312,0.0,777.7644653320312,safety_ablation,,,,,,,,,
distance_only,2023-06-05T00:00:00,23.809200286865234,90.0,-12.380800247192385,116.25,True,False,4933.105678080074,777.7644653320312,0.0,777.7644653320312,safety_ablation,,,,,,,,,
plus_cryosphere_exclusion,2023-06-05T00:00:00,23.809200286865234,90.0,-12.380800247192385,116.25,True,False,4933.105678080074,777.7644653320312,0.0,777.7644653320312,safety_ablation,,,,,,,,,
plus_ocean_exclusion,2023-06-05T00:00:00,23.809200286865234,90.0,44.76110076904297,135.0,False,False,4665.747235010652,777.7644653320312,0.0,777.7644653320312,safety_ablation,,,,,,,,,
plus_ocean_and_cryosphere_exclusion,2023-06-05T00:00:00,23.809200286865234,90.0,44.76110076904297,135.0,False,False,4665.747235010652,777.7644653320312,0.0,777.7644653320312,safety_ablation,,,,,,,,,
,2023-06-05T00:00:00,23.809200286865234,90.0,27.618600845336918,90.0,,,423.58660074092353,,,,finite_q_capacity,1.0,feasible,2.0106487493860618e-07,2.076097824468171e-07,777.7644366940241,0.0,0.0042358660074092,777.7602008280167,777.7602008280167
,2023-06-05T00:00:00,23.809200286865234,90.0,27.618600845336918,90.0,,,423.58660074092353,,,,finite_q_capacity,1000.0,feasible,0.0002010648749386,0.0002076097824468,777761.599916228,0.0,4.235866007409236,777757.3640502206,777.7573640502205
,2023-06-05T00:00:00,23.809200286865234,90.0,27.618600845336918,90.0,,,423.58660074092353,,,,finite_q_capacity,100000.0,feasible,0.0201064874938606,0.0207609782446817,77748047.77922913,0.0,423.58660074092353,77747624.1926284,777.4762419262839
,,,,,,,,,,,,finite_q_capacity,1000000.0,infeasible_under_local_capacity,,,,,,,
