source_key,provider,product,version,role,source_url,retrieved_utc,retrieval_conditions,local_path,file_size_bytes,sha256,license_terms,completion
ncep_air_2m_2023,NOAA Physical Sciences Laboratory,NCEP/NCAR Reanalysis 1,2023 annual file,near_surface_air_temperature,https://downloads.psl.noaa.gov/Datasets/ncep.reanalysis/surface_gauss/air.2m.gauss.2023.nc,2026-09-24T07:58:20+00:00,Anonymous HTTPS full-file streaming download; no subsetting,data/raw/ncep_reanalysis_1/2023/air.2m.gauss.2023.nc,36869330,61e592da2eb60d81d40bf21e82533380400b87e8d5d8c98ac0ab578547d32beb,Publicly available NOAA/NCAR data; NOAA PSL acknowledgement requested,complete
ncep_shum_2m_2023,NOAA Physical Sciences Laboratory,NCEP/NCAR Reanalysis 1,2023 annual file,near_surface_specific_humidity,https://downloads.psl.noaa.gov/Datasets/ncep.reanalysis/surface_gauss/shum.2m.gauss.2023.nc,2026-09-24T07:58:22+00:00,Anonymous HTTPS full-file streaming download; no subsetting,data/raw/ncep_reanalysis_1/2023/shum.2m.gauss.2023.nc,58940418,42d9c25081f3e9e9818c0a9f9c19e7eb935a086c6c060d3d949419169dad8574,Publicly available NOAA/NCAR data; NOAA PSL acknowledgement requested,complete
ncep_pressure_surface_2023,NOAA Physical Sciences Laboratory,NCEP/NCAR Reanalysis 1,2023 annual file,surface_pressure,https://downloads.psl.noaa.gov/Datasets/ncep.reanalysis/surface_gauss/pres.sfc.gauss.2023.nc,2026-09-24T07:58:25+00:00,Anonymous HTTPS full-file streaming download; no subsetting,data/raw/ncep_reanalysis_1/2023/pres.sfc.gauss.2023.nc,40022612,324a5b9f512bff34579d9c7af694a650029713ae749790f4e7b758a37858b1af,Publicly available NOAA/NCAR data; NOAA PSL acknowledgement requested,complete
ncep_uwind_10m_2023,NOAA Physical Sciences Laboratory,NCEP/NCAR Reanalysis 1,2023 annual file,eastward_wind_10m,https://downloads.psl.noaa.gov/Datasets/ncep.reanalysis/surface_gauss/uwnd.10m.gauss.2023.nc,2026-09-24T07:58:31+00:00,Anonymous HTTPS full-file streaming download; no subsetting,data/raw/ncep_reanalysis_1/2023/uwnd.10m.gauss.2023.nc,49215054,13ee72750a987431f9516031c05d72f71afdde60195947809b978bfbe79a2627,Publicly available NOAA/NCAR data; NOAA PSL acknowledgement requested,complete
ncep_vwind_10m_2023,NOAA Physical Sciences Laboratory,NCEP/NCAR Reanalysis 1,2023 annual file,northward_wind_10m,https://downloads.psl.noaa.gov/Datasets/ncep.reanalysis/surface_gauss/vwnd.10m.gauss.2023.nc,2026-09-24T07:58:36+00:00,Anonymous HTTPS full-file streaming download; no subsetting,data/raw/ncep_reanalysis_1/2023/vwnd.10m.gauss.2023.nc,49479102,40ed9d480933abf4a38160c85cf47a5b9c5d5c59f19cf8f1cfe588aabc22d7a5,Publicly available NOAA/NCAR data; NOAA PSL acknowledgement requested,complete
ncep_downward_shortwave_surface_2023,NOAA Physical Sciences Laboratory,NCEP/NCAR Reanalysis 1,2023 annual file,downward_shortwave_flux,https://downloads.psl.noaa.gov/Datasets/ncep.reanalysis/surface_gauss/dswrf.sfc.gauss.2023.nc,2026-09-24T07:58:38+00:00,Anonymous HTTPS full-file streaming download; no subsetting,data/raw/ncep_reanalysis_1/2023/dswrf.sfc.gauss.2023.nc,25231033,7b2223aca31888e04e66ca82194fe1cf47d6677888d1c48efba6f7d34f667251,Publicly available NOAA/NCAR data; NOAA PSL acknowledgement requested,complete
ncep_downward_longwave_surface_2023,NOAA Physical Sciences Laboratory,NCEP/NCAR Reanalysis 1,2023 annual file,downward_longwave_flux,https://downloads.psl.noaa.gov/Datasets/ncep.reanalysis/surface_gauss/dlwrf.sfc.gauss.2023.nc,2026-09-24T07:58:42+00:00,Anonymous HTTPS full-file streaming download; no subsetting,data/raw/ncep_reanalysis_1/2023/dlwrf.sfc.gauss.2023.nc,29962387,db8b6231b3b191b561db6098738e6c2cfd446cfec4b8b3642a445fefe102292b,Publicly available NOAA/NCAR data; NOAA PSL acknowledgement requested,complete
ncep_upward_shortwave_surface_2023,NOAA Physical Sciences Laboratory,NCEP/NCAR Reanalysis 1,2023 annual file,upward_shortwave_flux,https://downloads.psl.noaa.gov/Datasets/ncep.reanalysis/surface_gauss/uswrf.sfc.gauss.2023.nc,2026-09-24T07:58:47+00:00,Anonymous HTTPS full-file streaming download; no subsetting,data/raw/ncep_reanalysis_1/2023/uswrf.sfc.gauss.2023.nc,19386176,4d022379d02d8ff3b3cc091a15df95a2f7ccc861b2d8f71eb529c5690db4c10a,Publicly available NOAA/NCAR data; NOAA PSL acknowledgement requested,complete
ncep_upward_longwave_surface_2023,NOAA Physical Sciences Laboratory,NCEP/NCAR Reanalysis 1,2023 annual file,upward_longwave_flux,https://downloads.psl.noaa.gov/Datasets/ncep.reanalysis/surface_gauss/ulwrf.sfc.gauss.2023.nc,2026-09-24T07:58:50+00:00,Anonymous HTTPS full-file streaming download; no subsetting,data/raw/ncep_reanalysis_1/2023/ulwrf.sfc.gauss.2023.nc,24114727,c702d0d2b769f15d7dbfa10f93694c9ab242b46cf969d40809c00e25ce14818d,Publicly available NOAA/NCAR data; NOAA PSL acknowledgement requested,complete
ncep_sea_ice_concentration_2023,NOAA Physical Sciences Laboratory,NCEP/NCAR Reanalysis 1,2023 annual file,sea_ice_fraction,https://downloads.psl.noaa.gov/Datasets/ncep.reanalysis/surface_gauss/icec.sfc.gauss.2023.nc,2026-09-24T07:58:50+00:00,Anonymous HTTPS full-file streaming download; no subsetting,data/raw/ncep_reanalysis_1/2023/icec.sfc.gauss.2023.nc,1905028,350003ec5a98895a8c0adc1636d81614bf70ca30c4ecf028762b6aa256a4a954,Publicly available NOAA/NCAR data; NOAA PSL acknowledgement requested,complete
ncep_snow_water_equivalent_2023,NOAA Physical Sciences Laboratory,NCEP/NCAR Reanalysis 1,2023 annual file,snow_water_equivalent,https://downloads.psl.noaa.gov/Datasets/ncep.reanalysis/surface_gauss/weasd.sfc.gauss.2023.nc,2026-09-24T07:58:51+00:00,Anonymous HTTPS full-file streaming download; no subsetting,data/raw/ncep_reanalysis_1/2023/weasd.sfc.gauss.2023.nc,5109626,e5e704148a8197fc2825aa6f71e2f716b63e1fa50016bc33f9c9d85c444a95b7,Publicly available NOAA/NCAR data; NOAA PSL acknowledgement requested,complete
ncep_land_mask,NOAA Physical Sciences Laboratory,NCEP/NCAR Reanalysis 1,invariant Gaussian grid,land_fraction,https://downloads.psl.noaa.gov/Datasets/ncep.reanalysis/surface_gauss/land.sfc.gauss.nc,2026-09-24T07:58:51+00:00,Anonymous HTTPS full-file streaming download; no subsetting,data/raw/ncep_reanalysis_1/invariant/land.sfc.gauss.nc,25213,7da97a6d508a499302002891bb11e7c284d99019698cb89de1b5f5da37df3ca3,Publicly available NOAA/NCAR data; NOAA PSL acknowledgement requested,complete
worldpop_population_2020,WorldPop,Unconstrained global population mosaic at 30 arc seconds,2020,population_count,https://data.worldpop.org/GIS/Population/Global_2000_2020/2020/0_Mosaicked/ppp_2020_1km_Aggregated.tif,2026-09-24T08:19:02+00:00,Anonymous HTTPS full-file streaming download; no subsetting,data/raw/worldpop/2020/ppp_2020_1km_Aggregated.tif,869715253,d98f9efd911ed4afed696dff9024b20a4e3ec5bf6c0e21f241a26725b7df0866,Creative Commons Attribution 4.0 International,complete
natural_earth_countries_110m,Natural Earth,Admin 0 countries,"5.1.2, 1:110m",country_boundaries,https://naturalearth.s3.amazonaws.com/110m_cultural/ne_110m_admin_0_countries.zip,2026-09-24T08:19:03+00:00,Anonymous HTTPS full-file streaming download; no subsetting,data/raw/natural_earth/5.1.2/ne_110m_admin_0_countries.zip,214976,0f243aeac8ac6cf26f0417285b0bd33ac47f1b5bdb719fd3e0df37d03ea37110,Public domain,complete
applied_energy_guide_cloudflare_challenge,Elsevier,Applied Energy Guide for Authors,accessed 2026-09-24,journal_instructions,https://www.sciencedirect.com/journal/applied-energy/publish/guide-for-authors,2026-09-24T09:00:00+00:00,Anonymous HTTPS response was a Cloudflare challenge rather than the guide content,data/raw/journal_guidance/2026-09-24/applied_energy_guide_cloudflare_challenge.html,832803,dd2a2f705d301070eff67c329e719cbb14d980ee0f05f9076e4a536b6f8a9312,Elsevier website terms; retained only as failed-access provenance,incomplete_cloudflare_challenge
frontier_hpc_facility_data_v4,Oak Ridge National Laboratory via Figshare,Frontier HPC & Facility Data,4,real_case_heat_source_timeseries,https://ndownloader.figshare.com/files/47812750,2026-09-24T11:56:56+00:00,Anonymous HTTPS full-file download; Figshare file 47812750,data/raw/real_heat_cases/frontier_figshare_v4_20260924T115656Z/frontier_hpc_facility_data_v4.xlsx,20164974,56a48dd66382896890dfc2e4940ec90f894bb85795ee8e85ea2708dda05796bf,Creative Commons Attribution 4.0 International,complete
frontier_hpc_figshare_metadata_v4,Figshare,Frontier HPC & Facility Data article metadata,4,real_case_source_metadata,https://api.figshare.com/v2/articles/24391240,2026-09-24T11:56:56+00:00,Anonymous Figshare API response,data/raw/real_heat_cases/frontier_figshare_v4_20260924T115656Z/figshare_article_24391240_v4.json,4031,f974b03cd9e90eb502a8463a16fadfbe94f37a93f49269cee046bcf830612dce,Dataset metadata records CC BY 4.0 data; Figshare website terms apply to the API response,complete
frontier_ornl_showcase_report,Oak Ridge National Laboratory,ORNL/TM-2023/3218,October 2023,real_case_engineering_assessment,https://info.ornl.gov/sites/publications/Files/Pub207081.pdf,2026-09-24T11:56:56+00:00,Anonymous HTTPS full-file download,data/raw/real_heat_cases/frontier_figshare_v4_20260924T115656Z/ornl_showcase_report_2329591.pdf,7971022,b702a806648405498784ac42bab4ad4d98fc98e032eeca8427833ce31f287ebf,Publicly available US Department of Energy technical report; verify reuse rights before redistribution,complete
frontier_scientific_data_article,Springer Nature via OSTI,Scientific Data article 11:1391,2024,real_case_dataset_description,https://www.osti.gov/servlets/purl/2483448,2026-09-24T11:56:56+00:00,Anonymous HTTPS full-file download,data/raw/real_heat_cases/frontier_figshare_v4_20260924T115656Z/scientific_data_2024_03913.pdf,5699750,5ac224f0d926c0eefcea628e1816b673f549b1cdeb40dc96d328b05aa211fbac,Creative Commons Attribution 4.0 International,complete
sonderborg_zenodo_metadata_7972964,Zenodo,Sønderborg district-heating network data,record 7972964,validation_case_source_metadata,https://zenodo.org/api/records/7972964,2026-09-24T11:56:56+00:00,Anonymous Zenodo API response,data/raw/real_heat_cases/sonderborg_zenodo_7972964_20260924T115656Z/zenodo_record_7972964.json,6467,6bb239e919cb47b4c05940c97db0eadfdc43e82307cc4ddc0b5b4d156e1cde85,Dataset metadata records CC BY 4.0 data; Zenodo website terms apply to the API response,complete
sonderborg_raw_workbooks_7972964,Zenodo,Sønderborg district-heating raw workbooks,record 7972964,validation_case_raw_measurements,https://zenodo.org/api/records/7972964/files/raw%20data.zip/content,2026-09-24T11:56:56+00:00,Anonymous HTTPS full-file download,data/raw/real_heat_cases/sonderborg_zenodo_7972964_20260924T115656Z/raw_data.zip,40140163,3d1ab3749dcbb14ccdae33456cbbe631aa858a2371a4753b49202a581b8aaf56,Creative Commons Attribution 4.0 International,complete
sonderborg_processed_2016,Zenodo,Sønderborg district-heating measurements,2016; record 7972964,validation_case_heat_demand_timeseries,https://zenodo.org/api/records/7972964/files/sfjv_dhs_data_2016.csv/content,2026-09-24T12:03:44+00:00,Anonymous HTTPS full-file download,data/raw/real_heat_cases/sonderborg_zenodo_7972964_20260924T115656Z/sfjv_dhs_data_2016.csv,13529948,ebe944632c1b7e80346747b6192ae1827efd68c1768f544fe81f0976f2dd6acf,Creative Commons Attribution 4.0 International,complete
sonderborg_processed_2017,Zenodo,Sønderborg district-heating measurements,2017; record 7972964,validation_case_heat_demand_timeseries,https://zenodo.org/api/records/7972964/files/sfjv_dhs_data_2017.csv/content,2026-09-24T12:03:44+00:00,Anonymous HTTPS full-file download,data/raw/real_heat_cases/sonderborg_zenodo_7972964_20260924T115656Z/sfjv_dhs_data_2017.csv,13854364,d1dcb5e20070967cabfe29bee027ae28beb14a0924e1c14c511bc065c3f12e4d,Creative Commons Attribution 4.0 International,complete
sonderborg_processed_2018,Zenodo,Sønderborg district-heating measurements,2018; record 7972964,validation_case_heat_demand_timeseries,https://zenodo.org/api/records/7972964/files/sfjv_dhs_data_2018.csv/content,2026-09-24T12:03:44+00:00,Anonymous HTTPS full-file download,data/raw/real_heat_cases/sonderborg_zenodo_7972964_20260924T115656Z/sfjv_dhs_data_2018.csv,13876502,e4e9cdb7d541591c93d713c41c476cf5fbea1e4c40c299b6fa81631da39c8799,Creative Commons Attribution 4.0 International,complete
sonderborg_processed_2019,Zenodo,Sønderborg district-heating measurements,2019; record 7972964,validation_case_heat_demand_timeseries,https://zenodo.org/api/records/7972964/files/sfjv_dhs_data_2019.csv/content,2026-09-24T12:03:44+00:00,Anonymous HTTPS full-file download,data/raw/real_heat_cases/sonderborg_zenodo_7972964_20260924T115656Z/sfjv_dhs_data_2019.csv,12057041,749ee3990569fee906b8c6d6344ccc5b250fd47b43dcc361bdfa4a91e563ccc2,Creative Commons Attribution 4.0 International,complete
denmark_energy_storage_catalogue_v0008,Danish Energy Agency and Energinet,Technology Data for Energy Storage,0008; April 2024 amendment,thermal_storage_technology_reference_superseded,https://ens.dk/media/3416/download,2026-09-24T12:09:40+00:00,Anonymous HTTPS full-file download; retained as the initially audited superseded version,data/raw/technology_sources/phase_c_20260924/denmark_energy_storage_catalogue_v0008.pdf,14560424,35b078a9962b0ce7c890ba3a0df64e2fb144516e08ab47675b6f322626dbf393,Creative Commons Attribution 4.0 International,complete
denmark_energy_plants_catalogue_v0017,Danish Energy Agency and Energinet,Technology Data for Energy Plants,0017; May 2025 (local filename records the heat-pump chapter's 0012 update),heat_pump_technology_reference_superseded,https://ens.dk/media/6571/download,2026-09-24T12:09:43+00:00,Anonymous HTTPS full-file download; retained as the initially audited superseded version,data/raw/technology_sources/phase_c_20260924/denmark_energy_plants_catalogue_v0012.pdf,24491892,499f80959a2667e22a8463242f664891ae04a17dc496f0e41e49b415b93767ff,Creative Commons Attribution 4.0 International,complete
carrier_61xwhze_brochure,Carrier,AquaForce 61XWHZE high-temperature heat-pump brochure,PDF published April 2024,case_heat_pump_manufacturer_reference,https://www.carrier.com/commercial/en/eu/media/carrier-61xwhze-en_tcm201-59431.pdf,2026-09-24T12:09:44+00:00,Anonymous HTTPS full-file download,data/raw/technology_sources/phase_c_20260924/carrier_61xwhze_brochure.pdf,2468483,28f378db1eefec56972e015bdfd2b7c15cbc1a8281869dfa39a143e503227bba,Publicly available manufacturer brochure; Carrier copyright and website terms apply,complete
cooldh_network_design_report_d2_7,COOL DH Horizon 2020 consortium,"Deliverable D2.7, New design concepts for optimisation of LTDH distribution systems",Revision 1.0; March 2019,district_heat_network_comparator,https://www.cooldh.eu/wp-content/uploads/2019/03/D2.7.pdf,2026-09-24T12:09:46+00:00,Anonymous HTTPS full-file download,data/raw/technology_sources/phase_c_20260924/cooldh_innovative_network_design_report_d2_7.pdf,1308865,a434ecd369afc813ede1116ebc0457ae5985d86b567f087ca4a8907c579223f1,Public EU Horizon 2020 deliverable; consortium and website reuse terms apply,complete
denmark_energy_plants_catalogue_v0019,Danish Energy Agency,Technology Data for Electricity and District Heating Production,0019; September 2026,current_heat_pump_technology_reference,https://ens.dk/media/8614/download,2026-09-24T12:14:22+00:00,Anonymous HTTPS full-file download; current version checked against the publisher page,data/raw/technology_sources/phase_c_20260924/denmark_energy_plants_catalogue_v0019.pdf,15496833,88709766ba826fc0c86232bef21f47e95588655f0db2e98601df977e8fbeb838,Creative Commons Attribution 4.0 International,complete
denmark_energy_plants_datasheets_2026_08,Danish Energy Agency,Data sheets for electricity and district heat production,August 2026,current_heat_pump_technology_parameters,https://ens.dk/media/8615/download,2026-09-24T12:14:18+00:00,Anonymous HTTPS full-file download; current version checked against the publisher page,data/raw/technology_sources/phase_c_20260924/denmark_energy_plants_datasheets_2026-08.xlsx,1846974,edfdb4c773f779c8b9d4e47b42004f09f0dd13e23fa3ef3de9f61fb24fdeb992,Creative Commons Attribution 4.0 International,complete
denmark_large_heat_pumps_technology_brief_2026,Danish Energy Agency,"Technology Brief - Update for large heat pumps, geothermal, electric and gas boilers",June 2026,current_heat_pump_update_context,https://ens.dk/media/8616/download,2026-09-24T12:14:24+00:00,Anonymous HTTPS full-file download,data/raw/technology_sources/phase_c_20260924/denmark_large_heat_pumps_technology_brief_2026.pdf,253199,9e9633ea6c5c68db78f2e302210fe4ecf36ac3037d7d6ebe124fac81c130ebbd,Creative Commons Attribution 4.0 International,complete
denmark_energy_storage_catalogue_v0011,Danish Energy Agency,Technology Data Catalogue for Energy Storage,0011; July 2026,current_thermal_storage_technology_reference,https://ens.dk/media/6588/download,2026-09-24T12:15:04+00:00,Anonymous HTTPS full-file download; current version checked against the publisher page,data/raw/technology_sources/phase_c_20260924/denmark_energy_storage_catalogue_v0011.pdf,16580176,554730f7876d2659cb47d1fab0dd7916e0a4081494123741aa4f2e452d1f5a1d,Creative Commons Attribution 4.0 International,complete
denmark_energy_storage_datasheets_v0011,Danish Energy Agency,Technology data sheets for energy storage,0011; July 2026,current_thermal_storage_technology_parameters,https://ens.dk/media/6589/download,2026-09-24T12:15:06+00:00,Anonymous HTTPS full-file download; current version checked against the publisher page,data/raw/technology_sources/phase_c_20260924/denmark_energy_storage_datasheets_v0011.xlsx,336703,227c63de212697978815a0a6ed86d84527899d2ae309fd411a6a8490fe122405,Creative Commons Attribution 4.0 International,complete
denmark_tank_thermal_energy_storage_brief_2026,Danish Energy Agency,Technology Brief - Tank thermal energy storage,July 2026,current_thermal_storage_update_context,https://ens.dk/media/8676/download,2026-09-24T12:15:07+00:00,Anonymous HTTPS full-file download,data/raw/technology_sources/phase_c_20260924/denmark_tank_thermal_energy_storage_brief_2026.pdf,217914,9683ebf2d7ad0e80072f4b3bd18b0d34a20a509c7bb35a068272b2492a3590bb,Creative Commons Attribution 4.0 International,complete
eia_tennessee_commercial_electricity_2025,U.S. Energy Information Administration,"Tennessee commercial-sector monthly electricity sales, revenue, and price",calendar year 2025; EIA API v2 response,case_operational_electricity_price,https://api.eia.gov/v2/electricity/retail-sales/data?api_key=DEMO_KEY&frequency=monthly&data[0]=price&data[1]=revenue&data[2]=sales&facets[stateid][]=TN&facets[sectorid][]=COM&start=2025-01&end=2025-12&sort[0][column]=period&sort[0][direction]=asc&offset=0&length=5000,2026-09-24T12:38:43+00:00,Anonymous HTTPS full-file streaming download; no subsetting,data/raw/techno_economic_sources/phase_d_20260924/eia_tennessee_commercial_electricity_2025.json,4001,81ec8890a44b66679e54e02df8b971a3091c4ee2b49b99efabf0ec500bacfabc,U.S. federal government public data; EIA API terms apply,complete
eia_tennessee_commercial_natural_gas_2025,U.S. Energy Information Administration,Tennessee annual natural-gas price delivered to commercial consumers,calendar year 2025; EIA API v2 response,case_avoided_natural_gas_price,https://api.eia.gov/v2/natural-gas/pri/sum/data/?api_key=DEMO_KEY&frequency=annual&data[0]=value&facets[duoarea][]=STN&facets[process][]=PCS&start=2025&end=2025&sort[0][column]=period&sort[0][direction]=asc&offset=0&length=5000,2026-09-24T12:38:44+00:00,Anonymous HTTPS full-file streaming download; no subsetting,data/raw/techno_economic_sources/phase_d_20260924/eia_tennessee_commercial_natural_gas_2025.json,728,2bc39273269e349462fa86c4bf3e85f60b1ee932708562c33d0e2836e4d67145,U.S. federal government public data; EIA API terms apply,complete
epa_ghg_emission_factors_hub_2025,U.S. Environmental Protection Agency,GHG Emission Factors Hub,2025 annual update; January 2025,operational_emission_factors,https://www.epa.gov/system/files/other-files/2025-01/ghg-emission-factors-hub-2025.xlsx,2026-09-24T12:38:44+00:00,Anonymous HTTPS full-file streaming download; no subsetting,data/raw/techno_economic_sources/phase_d_20260924/ghg_emission_factors_hub_2025.xlsx,1014275,43afb91d79b2ae765b3a447549d9e1021a144a407cec5eb804be9fcf69a668a7,U.S. federal government public information; verify embedded third-party source terms,complete
epa_egrid_summary_tables_2023_rev2,U.S. Environmental Protection Agency,eGRID 2023 Summary Tables,"2023 data; revision 2 released June 12, 2025",electricity_grid_emission_factor_crosscheck,https://www.epa.gov/system/files/documents/2025-06/summary_tables_rev2.xlsx,2026-09-24T12:38:45+00:00,Anonymous HTTPS full-file streaming download; no subsetting,data/raw/techno_economic_sources/phase_d_20260924/egrid2023_summary_tables_rev2.xlsx,985651,3c8c429110f08ccdc9b32707eb0784e3528a3ecd2706637168dc11457c5f1a47,U.S. federal government public information; eGRID terms apply,complete
nist_femp_annual_supplement_2025,National Institute of Standards and Technology,Energy Price Indices and Discount Factors for Life-Cycle Cost Analysis,NISTIR 85-3273-40; 2025 annual supplement,discounting_and_energy_price_escalation_method,https://nvlpubs.nist.gov/nistpubs/ir/2025/NIST.IR.85-3273-40.pdf,2026-09-24T12:38:46+00:00,Anonymous HTTPS full-file streaming download; no subsetting,data/raw/techno_economic_sources/phase_d_20260924/nist_ir_85_3273_40_2025.pdf,1368110,424a0bf968d99337c5fc438ef068b8203b22519d41f0358b01e8a74f6680ee42,U.S. federal government work; NIST publication terms apply,complete
doe_steam_generation_efficiency_training,U.S. Department of Energy,Steam Generation Efficiency - Efficiency Definition Module,BestPractices Steam training module; accessed 2026-09-24,natural_gas_steam_boiler_efficiency_reference,https://www1.eere.energy.gov/manufacturing/pdfs/efficiencydefinition.pdf,2026-09-24T12:42:42+00:00,Anonymous HTTPS full-file streaming download; no subsetting,data/raw/techno_economic_sources/phase_d_20260924/doe_steam_generation_efficiency.pdf,196771,71b7d71e9eedb4d63e7085403d21e5e46ca5d19449882c7ed327bd9c2c888abc,U.S. Department of Energy public training material,complete
federal_reserve_g5a_exchange_rates_2025,Board of Governors of the Federal Reserve System,Foreign Exchange Rates - G.5A Annual,"release January 5, 2026; 2025 annual average",eur_to_usd_currency_conversion,https://www.federalreserve.gov/releases/g5a/20260105/,2026-09-24T12:42:42+00:00,Anonymous HTTPS full-file streaming download; no subsetting,data/raw/techno_economic_sources/phase_d_20260924/federal_reserve_g5a_2025.html,83363,7ed8b60690779b207c6f1c26d29707c8a37067d589dfdfe1c27e8353dd913a8d,U.S. federal government public information; Federal Reserve website terms apply,complete
epa_thermal_discharges_npdes_2023,U.S. Environmental Protection Agency,Thermal Discharges in NPDES Permits - Overview of Resources and Tools,June 2023,thermal_discharge_permitting_framework,https://www.epa.gov/system/files/documents/2023-07/Thermal-Discharges-Report.pdf,2026-09-24T13:38:34+00:00,Anonymous HTTPS full-file streaming download; no subsetting,data/raw/environmental_sources/phase_e_20260924/epa_thermal_discharges_report_2023.pdf,26861427,914f2576686459704ce56c416e57f6ebe1f1770fc24f4660fcdc4508da790c88,U.S. federal government public information,complete
epa_tennessee_water_quality_standards_2024,U.S. Environmental Protection Agency,Tennessee Water Quality Standards - Chapter 0400-40-03,"EPA record current through June 20, 2024",tennessee_surface_water_temperature_criteria,https://www.epa.gov/system/files/documents/2024-07/tn_wqs_0011_062024.pdf,2026-09-24T13:38:34+00:00,Anonymous HTTPS full-file streaming download; no subsetting,data/raw/environmental_sources/phase_e_20260924/tennessee_water_quality_standards_2024.pdf,585628,4c9ee91b2941f44106d7cbb5009fe40f470c0c530b183b399370ce4567242717,U.S. federal and Tennessee state public regulatory information,complete
doe_orr_aser_2024,U.S. Department of Energy,Oak Ridge Reservation Annual Site Environmental Report 2024,DOE-SC-OSO/RM-2025; September 2025,oak_ridge_environmental_and_permit_context,https://doeic.science.energy.gov/aser/ASER2024/REPORT%20FULL%202024%20ASER%20FINAL.pdf,2026-09-24T13:39:13+00:00,Anonymous HTTPS full-file streaming download; no subsetting,data/raw/environmental_sources/phase_e_20260924/oak_ridge_reservation_aser_2024.pdf,30753353,09912dea60068686e8ade48feb0cf3b23117623ba3f26508d645abbb689c9c99,U.S. Department of Energy public environmental report,complete
ncep_air_2m_2010,NOAA Physical Sciences Laboratory,NCEP/NCAR Reanalysis 1,2010 annual file,structural_replication_air_temperature,https://downloads.psl.noaa.gov/Datasets/ncep.reanalysis/surface_gauss/air.2m.gauss.2010.nc,2026-09-24T13:54:58+00:00,Anonymous HTTPS full-file streaming download; no subsetting,data/raw/structural_replication/ncep_reanalysis_1/2010/air.2m.gauss.2010.nc,37126318,d0c34aed8ad1ebe652075720e12663a179ce442824005841383493d31f9c944b,Publicly available NOAA/NCAR data; NOAA PSL acknowledgement requested,complete
ncep_shum_2m_2010,NOAA Physical Sciences Laboratory,NCEP/NCAR Reanalysis 1,2010 annual file,structural_replication_specific_humidity,https://downloads.psl.noaa.gov/Datasets/ncep.reanalysis/surface_gauss/shum.2m.gauss.2010.nc,2026-09-24T13:55:21+00:00,Anonymous HTTPS full-file streaming download; no subsetting,data/raw/structural_replication/ncep_reanalysis_1/2010/shum.2m.gauss.2010.nc,50477592,ef6ad56bd213944bab33459ccd6cf953f7789e46dd92d5d7f7c71552636b00dc,Publicly available NOAA/NCAR data; NOAA PSL acknowledgement requested,complete
ncep_pressure_surface_2010,NOAA Physical Sciences Laboratory,NCEP/NCAR Reanalysis 1,2010 annual file,structural_replication_surface_pressure,https://downloads.psl.noaa.gov/Datasets/ncep.reanalysis/surface_gauss/pres.sfc.gauss.2010.nc,2026-09-24T13:55:42+00:00,Anonymous HTTPS full-file streaming download; no subsetting,data/raw/structural_replication/ncep_reanalysis_1/2010/pres.sfc.gauss.2010.nc,40096301,93c8c8a9b9d0e3f1d2d00c676d0ee4e2a57ff204c62354758b337b25fa7d21eb,Publicly available NOAA/NCAR data; NOAA PSL acknowledgement requested,complete
ncep_sea_ice_concentration_2010,NOAA Physical Sciences Laboratory,NCEP/NCAR Reanalysis 1,2010 annual file,structural_replication_sea_ice_fraction,https://downloads.psl.noaa.gov/Datasets/ncep.reanalysis/surface_gauss/icec.sfc.gauss.2010.nc,2026-09-24T13:56:00+00:00,Anonymous HTTPS full-file streaming download; no subsetting,data/raw/structural_replication/ncep_reanalysis_1/2010/icec.sfc.gauss.2010.nc,1986069,fd178295c8c68d7ff8cac73cf05eec1cdae7266b0fccb5c69f5cc647d9531e51,Publicly available NOAA/NCAR data; NOAA PSL acknowledgement requested,complete
ncep_snow_water_equivalent_2010,NOAA Physical Sciences Laboratory,NCEP/NCAR Reanalysis 1,2010 annual file,structural_replication_snow_water_equivalent,https://downloads.psl.noaa.gov/Datasets/ncep.reanalysis/surface_gauss/weasd.sfc.gauss.2010.nc,2026-09-24T13:56:10+00:00,Anonymous HTTPS full-file streaming download; no subsetting,data/raw/structural_replication/ncep_reanalysis_1/2010/weasd.sfc.gauss.2010.nc,4812228,0750d30346e3bdc16680652d29f2e698a08358ad43dd20c1881a2b4884767243,Publicly available NOAA/NCAR data; NOAA PSL acknowledgement requested,complete
ncep_air_2m_2015,NOAA Physical Sciences Laboratory,NCEP/NCAR Reanalysis 1,2015 annual file,structural_replication_air_temperature,https://downloads.psl.noaa.gov/Datasets/ncep.reanalysis/surface_gauss/air.2m.gauss.2015.nc,2026-09-24T13:56:17+00:00,Anonymous HTTPS full-file streaming download; no subsetting,data/raw/structural_replication/ncep_reanalysis_1/2015/air.2m.gauss.2015.nc,37108942,9304ce57de810250674c99406b5eeaaa2472b8965c9ab64f0aaa7832fd5de2e5,Publicly available NOAA/NCAR data; NOAA PSL acknowledgement requested,complete
ncep_shum_2m_2015,NOAA Physical Sciences Laboratory,NCEP/NCAR Reanalysis 1,2015 annual file,structural_replication_specific_humidity,https://downloads.psl.noaa.gov/Datasets/ncep.reanalysis/surface_gauss/shum.2m.gauss.2015.nc,2026-09-24T13:56:25+00:00,Anonymous HTTPS full-file streaming download; no subsetting,data/raw/structural_replication/ncep_reanalysis_1/2015/shum.2m.gauss.2015.nc,58843065,69de462ca148c5910f4a05358e1357ae33687bda80b4c29a17f6db3671ee4f4f,Publicly available NOAA/NCAR data; NOAA PSL acknowledgement requested,complete
ncep_pressure_surface_2015,NOAA Physical Sciences Laboratory,NCEP/NCAR Reanalysis 1,2015 annual file,structural_replication_surface_pressure,https://downloads.psl.noaa.gov/Datasets/ncep.reanalysis/surface_gauss/pres.sfc.gauss.2015.nc,2026-09-24T13:56:34+00:00,Anonymous HTTPS full-file streaming download; no subsetting,data/raw/structural_replication/ncep_reanalysis_1/2015/pres.sfc.gauss.2015.nc,40142638,b3e41a82e60c891ab8ebdb2f49d5ec6657af8d904eaffd31cd72576ee693cecf,Publicly available NOAA/NCAR data; NOAA PSL acknowledgement requested,complete
ncep_sea_ice_concentration_2015,NOAA Physical Sciences Laboratory,NCEP/NCAR Reanalysis 1,2015 annual file,structural_replication_sea_ice_fraction,https://downloads.psl.noaa.gov/Datasets/ncep.reanalysis/surface_gauss/icec.sfc.gauss.2015.nc,2026-09-24T13:56:57+00:00,Anonymous HTTPS full-file streaming download; no subsetting,data/raw/structural_replication/ncep_reanalysis_1/2015/icec.sfc.gauss.2015.nc,2002684,0b939875d6d647e4e48eb7a1512428ccba933638bede9a1e810f8d8fdde648aa,Publicly available NOAA/NCAR data; NOAA PSL acknowledgement requested,complete
ncep_snow_water_equivalent_2015,NOAA Physical Sciences Laboratory,NCEP/NCAR Reanalysis 1,2015 annual file,structural_replication_snow_water_equivalent,https://downloads.psl.noaa.gov/Datasets/ncep.reanalysis/surface_gauss/weasd.sfc.gauss.2015.nc,2026-09-24T13:57:15+00:00,Anonymous HTTPS full-file streaming download; no subsetting,data/raw/structural_replication/ncep_reanalysis_1/2015/weasd.sfc.gauss.2015.nc,4774268,6db1f4cdaee1e3f578efd50ebe678e4cbf2877c71cd94ff48982f050692babd8,Publicly available NOAA/NCAR data; NOAA PSL acknowledgement requested,complete
ncep_air_2m_2020,NOAA Physical Sciences Laboratory,NCEP/NCAR Reanalysis 1,2020 annual file,structural_replication_air_temperature,https://downloads.psl.noaa.gov/Datasets/ncep.reanalysis/surface_gauss/air.2m.gauss.2020.nc,2026-09-24T13:57:28+00:00,Anonymous HTTPS full-file streaming download; no subsetting,data/raw/structural_replication/ncep_reanalysis_1/2020/air.2m.gauss.2020.nc,36898759,38a4dded7a23ffbeee9908955296f5906f0e25c51e6c5b8e35514496f035a9f2,Publicly available NOAA/NCAR data; NOAA PSL acknowledgement requested,complete
ncep_shum_2m_2020,NOAA Physical Sciences Laboratory,NCEP/NCAR Reanalysis 1,2020 annual file,structural_replication_specific_humidity,https://downloads.psl.noaa.gov/Datasets/ncep.reanalysis/surface_gauss/shum.2m.gauss.2020.nc,2026-09-24T13:57:51+00:00,Anonymous HTTPS full-file streaming download; no subsetting,data/raw/structural_replication/ncep_reanalysis_1/2020/shum.2m.gauss.2020.nc,58860717,8fa65755497f3a84e4338ab38f43162aee4d92c8524813b143001e857fc59e98,Publicly available NOAA/NCAR data; NOAA PSL acknowledgement requested,complete
ncep_pressure_surface_2020,NOAA Physical Sciences Laboratory,NCEP/NCAR Reanalysis 1,2020 annual file,structural_replication_surface_pressure,https://downloads.psl.noaa.gov/Datasets/ncep.reanalysis/surface_gauss/pres.sfc.gauss.2020.nc,2026-09-24T13:58:05+00:00,Anonymous HTTPS full-file streaming download; no subsetting,data/raw/structural_replication/ncep_reanalysis_1/2020/pres.sfc.gauss.2020.nc,40119737,0fe1968768cd3a83fd6af0d1139971e0b3442ff5543fe175a3ce12fd35d6c7df,Publicly available NOAA/NCAR data; NOAA PSL acknowledgement requested,complete
ncep_sea_ice_concentration_2020,NOAA Physical Sciences Laboratory,NCEP/NCAR Reanalysis 1,2020 annual file,structural_replication_sea_ice_fraction,https://downloads.psl.noaa.gov/Datasets/ncep.reanalysis/surface_gauss/icec.sfc.gauss.2020.nc,2026-09-24T13:58:14+00:00,Anonymous HTTPS full-file streaming download; no subsetting,data/raw/structural_replication/ncep_reanalysis_1/2020/icec.sfc.gauss.2020.nc,1910703,4bbf5d1383c820782a3d57e750691e63bcb6e413240fd78831cf1ad5ddfebf88,Publicly available NOAA/NCAR data; NOAA PSL acknowledgement requested,complete
ncep_snow_water_equivalent_2020,NOAA Physical Sciences Laboratory,NCEP/NCAR Reanalysis 1,2020 annual file,structural_replication_snow_water_equivalent,https://downloads.psl.noaa.gov/Datasets/ncep.reanalysis/surface_gauss/weasd.sfc.gauss.2020.nc,2026-09-24T13:58:26+00:00,Anonymous HTTPS full-file streaming download; no subsetting,data/raw/structural_replication/ncep_reanalysis_1/2020/weasd.sfc.gauss.2020.nc,5187523,aabec86845c407dd1809ca5f69ca5334c5407732595b241fa36037b5d156475f,Publicly available NOAA/NCAR data; NOAA PSL acknowledgement requested,complete
ncep2_air_2m_2023,NOAA Physical Sciences Laboratory,NCEP-DOE Reanalysis 2,2023 annual file,structural_replication_air_temperature,https://downloads.psl.noaa.gov/Datasets/ncep.reanalysis2/gaussian_grid/air.2m.gauss.2023.nc,2026-09-24T13:58:38+00:00,Anonymous HTTPS full-file streaming download; no subsetting,data/raw/structural_replication/ncep_reanalysis_2/2023/air.2m.gauss.2023.nc,55542747,1800203744ca4cd9582da2a49bfefd575f738973d4515b9e110dbbb59e668e31,Publicly available NOAA/DOE data; NOAA PSL acknowledgement requested,complete
ncep2_shum_2m_2023,NOAA Physical Sciences Laboratory,NCEP-DOE Reanalysis 2,2023 annual file,structural_replication_specific_humidity,https://downloads.psl.noaa.gov/Datasets/ncep.reanalysis2/gaussian_grid/shum.2m.gauss.2023.nc,2026-09-24T13:58:49+00:00,Anonymous HTTPS full-file streaming download; no subsetting,data/raw/structural_replication/ncep_reanalysis_2/2023/shum.2m.gauss.2023.nc,80230186,18925fed62ba4b476df7d31800f2f3c8d849e78a4839255360d7e0c9fe7f43d1,Publicly available NOAA/DOE data; NOAA PSL acknowledgement requested,complete
ncep2_pressure_surface_2023,NOAA Physical Sciences Laboratory,NCEP-DOE Reanalysis 2,2023 annual file,structural_replication_surface_pressure,https://downloads.psl.noaa.gov/Datasets/ncep.reanalysis2/gaussian_grid/pres.sfc.gauss.2023.nc,2026-09-24T13:58:56+00:00,Anonymous HTTPS full-file streaming download; no subsetting,data/raw/structural_replication/ncep_reanalysis_2/2023/pres.sfc.gauss.2023.nc,46059381,3f13860823cb3cfb3684be10ac973a11eadf62616490d2a24f9a88e7d398e53c,Publicly available NOAA/DOE data; NOAA PSL acknowledgement requested,complete
ncep2_sea_ice_concentration_2023,NOAA Physical Sciences Laboratory,NCEP-DOE Reanalysis 2,2023 annual file,structural_replication_sea_ice_fraction,https://downloads.psl.noaa.gov/Datasets/ncep.reanalysis2/gaussian_grid/icec.sfc.gauss.2023.nc,2026-09-24T13:58:59+00:00,Anonymous HTTPS full-file streaming download; no subsetting,data/raw/structural_replication/ncep_reanalysis_2/2023/icec.sfc.gauss.2023.nc,1998172,6c251cf535cf924614ff587b7b15dbdfebcee071ed9bb29905a23766918f8fdc,Publicly available NOAA/DOE data; NOAA PSL acknowledgement requested,complete
ncep2_snow_water_equivalent_2023,NOAA Physical Sciences Laboratory,NCEP-DOE Reanalysis 2,2023 annual file,structural_replication_snow_water_equivalent,https://downloads.psl.noaa.gov/Datasets/ncep.reanalysis2/gaussian_grid/weasd.sfc.gauss.2023.nc,2026-09-24T13:59:01+00:00,Anonymous HTTPS full-file streaming download; no subsetting,data/raw/structural_replication/ncep_reanalysis_2/2023/weasd.sfc.gauss.2023.nc,16691121,e85f64950b4f3a35d0e15480c5d78ecc8c99f9ec958087319384f5da7377af59,Publicly available NOAA/DOE data; NOAA PSL acknowledgement requested,complete
ncep2_land_mask,NOAA Physical Sciences Laboratory,NCEP-DOE Reanalysis 2,invariant Gaussian grid,structural_replication_land_fraction,https://downloads.psl.noaa.gov/Datasets/ncep.reanalysis2/gaussian_grid/land.sfc.gauss.nc,2026-09-24T13:59:01+00:00,Anonymous HTTPS full-file streaming download; no subsetting,data/raw/structural_replication/ncep_reanalysis_2/invariant/land.sfc.gauss.nc,39396,6398c43dd74f76810efa8521167ca90ec05bcd32d0b70b924a0e1c9abedd755e,Publicly available NOAA/DOE data; NOAA PSL acknowledgement requested,complete
ghsl_population_2020_r2023a,European Commission Joint Research Centre,GHS-POP R2023A resident population grid,2020 epoch; WGS84 30 arc-second V1.0,structural_replication_population_count,https://jeodpp.jrc.ec.europa.eu/ftp/jrc-opendata/GHSL/GHS_POP_GLOBE_R2023A/GHS_POP_E2020_GLOBE_R2023A_4326_30ss/V1-0/GHS_POP_E2020_GLOBE_R2023A_4326_30ss_V1_0.zip,2026-09-24T14:03:52+00:00,Anonymous HTTPS full-file streaming download; no subsetting,data/raw/structural_replication/ghsl_r2023a/GHS_POP_E2020_GLOBE_R2023A_4326_30ss_V1_0.zip,482351880,579fb7477b33d9be61e9562b170ea108a670b85ef6fe23b61a22d17200929636,European Commission reuse authorised with source acknowledgement,complete
osti_record_2329591_xml_response,U.S. Department of Energy Office of Scientific and Technical Information,OSTI bibliographic metadata record 2329591 XML response,record accessed 2026-09-25,case_report_official_metadata_legacy_response,https://www.osti.gov/api/v1/records/2329591,2026-09-25T06:44:12+00:00,Anonymous HTTPS API request; default XML response preserved without overwrite,data/raw/real_heat_cases/frontier_case_evidence_20260925/osti_record_2329591_api_xml.xml,4546,7c27a0037e7604ffa60da674e72880542f30dea6741aa8c80f24a5d20576c397,Publicly available U.S. Department of Energy metadata; OSTI terms apply,complete
ornl_publication_page_2329591,Oak Ridge National Laboratory,ORNL publication page for ORNL/TM-2023/3218,page accessed 2026-09-25,case_report_official_publication_page,https://www.ornl.gov/publication/ornl-campus-sustainability-and-decarbonization-using-waste-heat-recovery-oak-ridge,2026-09-25T06:44:12+00:00,Anonymous HTTPS full-page download; HTML response saved,data/raw/real_heat_cases/frontier_case_evidence_20260925/ornl_publication_page_2329591.html,44162,5c8d67f063d1dc6d5e5053458dd2ef2696b7b863a3c99dddb84b99f912dc2d71,Publicly available Oak Ridge National Laboratory web page; ORNL website terms apply,complete
ornl_main_campus_map_2025,Oak Ridge National Laboratory,ORNL Main Campus and Key map,2025-G01069; print file dated 2025-03-06,case_building_location_context,https://www.ornl.gov/file/ornl-main-campus-and-key/display,2026-09-25T06:44:12+00:00,Anonymous HTTPS full-file download; PDF response saved,data/raw/real_heat_cases/frontier_case_evidence_20260925/ornl_main_campus_and_key_2025.pdf,2636580,97d8312de8ba49e06c4ded98f62802d2509764c536e587c397a6a2c62c872bd6,Publicly available Oak Ridge National Laboratory map; verify reuse rights before redistribution,complete
tdec_tn0002941_compliance_inspection_2025,Tennessee Department of Environment and Conservation,Compliance Evaluation Inspection for Oak Ridge National Laboratory NPDES Permit TN0002941,inspection letter dated 2025-05-12,case_npdes_permit_context,https://dataviewers.tdec.tn.gov/dataviewers/apex_util.count_click?p_cat=DOCS&p_id=265744105137943080&p_url=BGWPC.GET_WPC_DOCUMENTS%3Fp_file%3D265744105137943080&p_user=GUEST&p_workspace=19833722515258996,2026-09-25T06:44:12+00:00,Anonymous HTTPS full-file download from TDEC document viewer using a browser-like user agent and viewer referrer; PDF response saved,data/raw/environmental_sources/case_specific_20260925/tdec_tn0002941_compliance_inspection_2025.pdf,476732,dc8f18f9e1e3eb2300efd935e5e48b887eb1cd5b2444d5326335b7db917092f5,Publicly available Tennessee state regulatory record; TDEC website terms apply,complete
osti_record_2329591,U.S. Department of Energy Office of Scientific and Technical Information,OSTI bibliographic metadata record 2329591,record accessed 2026-09-25,case_report_official_metadata,https://www.osti.gov/api/v1/records/2329591?format=json,2026-09-25T06:57:34+00:00,Anonymous HTTPS full-file streaming download; no subsetting,data/raw/real_heat_cases/frontier_case_evidence_20260925/osti_record_2329591_api_json.json,3801,4519a8e2ee94c3a465d800adb8c39197754a631bae9dd598090d280b4d68284d,Publicly available U.S. Department of Energy metadata; OSTI terms apply,complete
jcp_guide_web_text_20260925,ScienceDirect / Elsevier,Journal of Cleaner Production guide-for-authors and related pages fetched via Devin web text extraction,accessed 2026-09-25,journal_submission_guidance,https://www.sciencedirect.com/journal/journal-of-cleaner-production/publish/guide-for-authors; https://www.sciencedirect.com/journal/journal-of-cleaner-production/about/news/policy-statement-for-rejecting-articles-before-peer-review; https://www.sciencedirect.com/journal/journal-of-cleaner-production/publish/open-access-options,2026-09-25T07:54:12+00:00,"Devin web extraction or anonymous HTTPS download; shell curl to ScienceDirect pages returned HTTP 403 for several pages, so extracted text snapshot is retained where HTML could not be saved",data/raw/journal_guidance/jcp_20260925T075412Z/devin_web_jcp_guidance_fetch.txt,31528,5835a51508ba681064c227d2c7a47e15fae8040c1c15b953aca918f4974b89d7,Publicly visible Elsevier/ScienceDirect guidance text; verify reuse rights before redistribution,complete
elsevier_ai_policy_20260925,Elsevier,Generative AI policies for journals,accessed 2026-09-25,journal_ai_policy,https://www.elsevier.com/about/policies-and-standards/generative-ai-policies-for-journals,2026-09-25T07:54:12+00:00,"Devin web extraction or anonymous HTTPS download; shell curl to ScienceDirect pages returned HTTP 403 for several pages, so extracted text snapshot is retained where HTML could not be saved",data/raw/journal_guidance/jcp_20260925T075412Z/elsevier_ai_policy.html,345486,266968f0a1cba037d19d93821365e016dab563c840d9135e70f43fdb1260a24e,Publicly visible Elsevier policy page; verify reuse rights before redistribution,complete
jcp_literature_search_20260925,Web search index snippets,JCP and adjacent literature search snippets for problem/burden shifting and cleaner thermal management,search run 2026-09-25,literature_discovery,multiple web_search queries preserved in file,2026-09-25T07:54:12+00:00,"Devin web extraction or anonymous HTTPS download; shell curl to ScienceDirect pages returned HTTP 403 for several pages, so extracted text snapshot is retained where HTML could not be saved",data/raw/journal_guidance/jcp_20260925T075412Z/web_search_jcp_literature.txt,34360,98400a4344b485b433cd5cc29beeb6a5d1ee32ec6c567f31f5c3ca0602bfbdd6,"Search result snippets; use only for discovery, not as final bibliographic source",complete
jcp_targeted_literature_search_20260925,Web search index snippets,Targeted DOI and literature search snippets for JCP retargeting,search run 2026-09-25,literature_discovery,multiple web_search queries preserved in file,2026-09-25T07:54:12+00:00,"Devin web extraction or anonymous HTTPS download; shell curl to ScienceDirect pages returned HTTP 403 for several pages, so extracted text snapshot is retained where HTML could not be saved",data/raw/journal_guidance/jcp_20260925T075412Z/web_search_jcp_targeted_literature.txt,16783,d39b048f11d291317e199f2f9d8feeecc27df09b512aae2f44bec553604359f1,"Search result snippets; use only for discovery, not as final bibliographic source",complete
jcp_reference_metadata_20260925,Crossref/DataCite,DOI metadata snapshots for JCP reference registry,fetched 2026-09-25,reference_metadata,https://api.crossref.org/works/ and https://api.datacite.org/dois/ for DOIs listed in manifest.csv,2026-09-25T07:54:12+00:00,anonymous public DOI metadata APIs with User-Agent; per-reference JSON responses retained,data/raw/references/jcp_crossref_20260925T075412Z/manifest.csv,8192,cbfdd7f4fb2f8310b675666024ee5b1161f90993db36022cd0ab4496c1c06724,Public bibliographic metadata API responses; use according to provider terms,complete
jcp_guide_web_text_final_20260925,ScienceDirect / Elsevier,Journal of Cleaner Production guide-for-authors final live check,accessed 2026-09-25,journal_submission_guidance,https://www.sciencedirect.com/journal/journal-of-cleaner-production/publish/guide-for-authors,2026-09-25T09:08:11+00:00,Devin web text extraction retained because direct anonymous HTML access may be restricted,data/raw/journal_guidance/jcp_20260925T090811Z/devin_web_jcp_guidance_fetch.txt,10143,56f87b406cb5102efd1b14a3f4c845abf2880fd2a3f157d39e80117a68e09daa,Publicly visible Elsevier/ScienceDirect guidance text; verify reuse rights before redistribution,complete
jcp_guide_browser_dom_final_20260925,ScienceDirect / Elsevier,Journal of Cleaner Production guide-for-authors rendered browser DOM,accessed 2026-09-25,journal_submission_guidance,https://www.sciencedirect.com/journal/journal-of-cleaner-production/publish/guide-for-authors,2026-09-25T09:26:29+00:00,Rendered official guide inspected in the authenticated browser and persisted from the full DOM snapshot,data/raw/journal_guidance/jcp_20260925T092629Z/browser_dom_jcp_guide.html,437621,4f7512716052a6d98e660345b4f1afc4c59167b7643a31017f60e0742c7c068b,Publicly visible Elsevier/ScienceDirect guidance page; verify reuse rights before redistribution,complete
jcp_guide_web_text_copy_final_20260925,ScienceDirect / Elsevier,Journal of Cleaner Production guide-for-authors extracted text,accessed 2026-09-25,journal_submission_guidance,https://www.sciencedirect.com/journal/journal-of-cleaner-production/publish/guide-for-authors,2026-09-25T09:26:29+00:00,Devin web text extraction copied into the final live-check snapshot directory,data/raw/journal_guidance/jcp_20260925T092629Z/devin_web_jcp_guidance_fetch.txt,10143,56f87b406cb5102efd1b14a3f4c845abf2880fd2a3f157d39e80117a68e09daa,Publicly visible Elsevier/ScienceDirect guidance text; verify reuse rights before redistribution,complete
jcp_guide_direct_curl_final_20260925,ScienceDirect / Elsevier,Journal of Cleaner Production guide-for-authors direct HTTPS response,accessed 2026-09-25,journal_submission_guidance,https://www.sciencedirect.com/journal/journal-of-cleaner-production/publish/guide-for-authors,2026-09-25T09:25:00+00:00,Anonymous direct curl returned a client/challenge shell rather than the complete rendered guide,data/raw/journal_guidance/jcp_20260925T092629Z/direct_curl_response.html,832803,12541b7e80830aefef0dd6a67781967de41e572feaa29a49121ce6f6f7174f82,Publicly visible Elsevier/ScienceDirect response; verify reuse rights before redistribution,incomplete-client-challenge
jcp_guide_direct_curl_text_final_20260925,ScienceDirect / Elsevier,Text extraction from the direct guide HTTPS response,accessed 2026-09-25,journal_submission_guidance,https://www.sciencedirect.com/journal/journal-of-cleaner-production/publish/guide-for-authors,2026-09-25T09:26:00+00:00,Derived text from the anonymous direct curl client/challenge response; not used as the authoritative guide snapshot,data/raw/journal_guidance/jcp_20260925T092629Z/direct_curl_response_text.txt,711050,0995eb4b125ac759ce02e7a8cead42cac4b4874e8555cb6b8dfa5be77c08cf9e,Publicly visible Elsevier/ScienceDirect response; verify reuse rights before redistribution,incomplete-client-challenge
