source_key,format,dimensions,variables,units,time_start,time_end,minimum,maximum,sum,valid_count,status,notes
ncep_air_2m_2023,NetCDF,"{""lat"": 94, ""lon"": 192, ""time"": 1460}",air,degK,2023-01-01T00:00:00,2023-12-31T18:00:00,215.60000610351562,319.79998779296875,,18048,valid,Range statistics use the first time slice.
ncep_shum_2m_2023,NetCDF,"{""lat"": 94, ""lon"": 192, ""time"": 1460}",shum,kg/kg,2023-01-01T00:00:00,2023-12-31T18:00:00,0.0,0.02370000071823597,,18048,valid,Range statistics use the first time slice.
ncep_pressure_surface_2023,NetCDF,"{""lat"": 94, ""lon"": 192, ""time"": 1460}",pres,Pascals,2023-01-01T00:00:00,2023-12-31T18:00:00,49340.0,108230.0,,18048,valid,Range statistics use the first time slice.
ncep_uwind_10m_2023,NetCDF,"{""lat"": 94, ""lon"": 192, ""time"": 1460}",uwnd,m/s,2023-01-01T00:00:00,2023-12-31T18:00:00,-17.299999237060547,18.799999237060547,,18048,valid,Range statistics use the first time slice.
ncep_vwind_10m_2023,NetCDF,"{""lat"": 94, ""lon"": 192, ""time"": 1460}",vwnd,m/s,2023-01-01T00:00:00,2023-12-31T18:00:00,-23.0,21.399999618530273,,18048,valid,Range statistics use the first time slice.
ncep_downward_shortwave_surface_2023,NetCDF,"{""lat"": 94, ""lon"": 192, ""time"": 1460}",dswrf,W/m^2,2023-01-01T00:00:00,2023-12-31T18:00:00,0.0,1023.0,,18048,valid,Range statistics use the first time slice.
ncep_downward_longwave_surface_2023,NetCDF,"{""lat"": 94, ""lon"": 192, ""time"": 1460}",dlwrf,W/m^2,2023-01-01T00:00:00,2023-12-31T18:00:00,51.0,476.0,,18048,valid,Range statistics use the first time slice.
ncep_upward_shortwave_surface_2023,NetCDF,"{""lat"": 94, ""lon"": 192, ""time"": 1460}",uswrf,W/m^2,2023-01-01T00:00:00,2023-12-31T18:00:00,0.0,593.0,,18048,valid,Range statistics use the first time slice.
ncep_upward_longwave_surface_2023,NetCDF,"{""lat"": 94, ""lon"": 192, ""time"": 1460}",ulwrf,W/m^2,2023-01-01T00:00:00,2023-12-31T18:00:00,122.0,593.0,,18048,valid,Range statistics use the first time slice.
ncep_sea_ice_concentration_2023,NetCDF,"{""lat"": 94, ""lon"": 192, ""time"": 1460}",icec, ,2023-01-01T00:00:00,2023-12-31T18:00:00,0.0,1.0,,18048,valid,Range statistics use the first time slice.
ncep_snow_water_equivalent_2023,NetCDF,"{""lat"": 94, ""lon"": 192, ""time"": 1460}",weasd,kg/m^2,2023-01-01T00:00:00,2023-12-31T18:00:00,0.0,55000.0,,18048,valid,Range statistics use the first time slice.
ncep_land_mask,NetCDF,"{""lat"": 94, ""lon"": 192, ""nbnds"": 2, ""time"": 1}",land, ,1985-01-01T00:00:00,1985-01-01T00:00:00,0.0,1.0,,18048,valid,Range statistics use the first time slice.
worldpop_population_2020,GeoTIFF,"{""height"": 18720, ""width"": 43200}",population_count,people per pixel,,,0.0,672314.9375,7969633181.734414,220719109,valid,"CRS=EPSG:4326; bounds=(-180.001249265, -72.00041617728999, 179.99874929500004, 83.99958319871001); resolution=(0.0083333333, 0.0083333333)"
natural_earth_countries_110m,ZIP/Shapefile,,ne_110m_admin_0_countries.README.html;ne_110m_admin_0_countries.VERSION.txt;ne_110m_admin_0_countries.cpg;ne_110m_admin_0_countries.dbf;ne_110m_admin_0_countries.prj;ne_110m_admin_0_countries.shp;ne_110m_admin_0_countries.shx,,,,,,,7,valid,Archive integrity and mandatory shapefile members verified.
frontier_hpc_facility_data_v4,XLSX,"{""columns"": 18, ""rows"": 49869, ""sheet"": ""Frontier2023""}",Date/Time;SubLoop1-Coolant Return Temp;SubLoop1-Coolant FLow;SubLoop2-Coolant Return Temp;SubLoop2-Coolant FLow;SubLoop3-Coolant Return Temp;SubLoop3-Coolant FLow;Overall-average Coolant Return Temp;Overall Coolant Supply Temp;Overall Coolant FLow;SubLoop1_WasteHeat;SubLoop2_WasteHeat;SubLoop3_WasteHeat;Overall_WasteHeat;Frontier Compute Power;Frontier Facility accessory Power;Frontier Total Power;Power Usage Effectiveness ,Workbook units row: timestamp; deg C; gpm; MW,2023-01-01T00:00:00,2023-12-31T23:50:00,0.0,26.335272831777782,,49869,valid,"Required source, grade, heat, and power variables verified."
frontier_hpc_figshare_metadata_v4,JSON,"{""top_level_fields"": 50}",authors;categories;citation;confidential_reason;created_date;custom_fields;defined_type;defined_type_name;description;doi;download_disabled;embargo_date;embargo_options;embargo_reason;embargo_title;embargo_type;figshare_url;files;folder_structure;funding;funding_list;group_id;handle;has_linked_file;id;is_confidential;is_embargoed;is_metadata_record;is_public;keywords;license;metadata_reason;modified_date;published_date;references;related_materials;resource_doi;resource_title;size;status;tags;thumb;timeline;title;url;url_private_api;url_private_html;url_public_api;url_public_html;version,,,,,,,50,valid,JSON syntax and top-level object structure verified.
frontier_ornl_showcase_report,PDF,,,,,,,,,7971022,valid,PDF signature verified; valid_count reports bytes.
frontier_scientific_data_article,PDF,,,,,,,,,5699750,valid,PDF signature verified; valid_count reports bytes.
sonderborg_zenodo_metadata_7972964,JSON,"{""top_level_fields"": 20}",conceptdoi;conceptrecid;created;doi;doi_url;files;id;links;metadata;modified;owners;recid;revision;state;stats;status;submitted;swh;title;updated,,,,,,,20,valid,JSON syntax and top-level object structure verified.
sonderborg_raw_workbooks_7972964,ZIP,,raw data/;raw data/2016-2018 Plant data.xlsx;raw data/2019 plant data.xlsx,,,,,,,3,valid,Archive integrity verified.
sonderborg_processed_2016,CSV,"{""columns"": 22, ""rows"": 35136}",date;plant1_heat_load;plant1_temp_feed_flow;plant1_temp_back_flow;plant2_heat_load;plant2_temp_feed_flow;plant2_temp_back_flow;plant3_heat_load;plant3_temp_feed_flow;plant3_temp_back_flow;plant4_heat_load;plant4_temp_feed_flow;plant4_temp_back_flow;plant5_heat_load;plant5_temp_feed_flow;plant5_temp_back_flow;plant6_heat_load;plant6_temp_feed_flow;plant6_temp_back_flow;plant7_heat_load;plant7_temp_feed_flow;plant7_temp_back_flow,MW for heat load; deg C for feed and return temperatures,2015-12-31T23:00:00+00:00,2016-12-31T22:45:00+00:00,-12.494624266666667,43.455262631378005,,245950,valid,Local timestamps were disambiguated with Europe/Copenhagen daylight saving rules; seven-plant heat/temperature schema verified.
sonderborg_processed_2017,CSV,"{""columns"": 22, ""rows"": 35040}",date;plant1_heat_load;plant1_temp_feed_flow;plant1_temp_back_flow;plant2_heat_load;plant2_temp_feed_flow;plant2_temp_back_flow;plant3_heat_load;plant3_temp_feed_flow;plant3_temp_back_flow;plant4_heat_load;plant4_temp_feed_flow;plant4_temp_back_flow;plant5_heat_load;plant5_temp_feed_flow;plant5_temp_back_flow;plant6_heat_load;plant6_temp_feed_flow;plant6_temp_back_flow;plant7_heat_load;plant7_temp_feed_flow;plant7_temp_back_flow,MW for heat load; deg C for feed and return temperatures,2016-12-31T23:00:00+00:00,2017-12-31T22:45:00+00:00,-12.498615533333332,44.67398798756857,,245269,valid,Local timestamps were disambiguated with Europe/Copenhagen daylight saving rules; seven-plant heat/temperature schema verified.
sonderborg_processed_2018,CSV,"{""columns"": 22, ""rows"": 35040}",date;plant1_heat_load;plant1_temp_feed_flow;plant1_temp_back_flow;plant2_heat_load;plant2_temp_feed_flow;plant2_temp_back_flow;plant3_heat_load;plant3_temp_feed_flow;plant3_temp_back_flow;plant4_heat_load;plant4_temp_feed_flow;plant4_temp_back_flow;plant5_heat_load;plant5_temp_feed_flow;plant5_temp_back_flow;plant6_heat_load;plant6_temp_feed_flow;plant6_temp_back_flow;plant7_heat_load;plant7_temp_feed_flow;plant7_temp_back_flow,MW for heat load; deg C for feed and return temperatures,2017-12-31T23:00:00+00:00,2018-12-31T22:45:00+00:00,-12.492283000000002,48.4115104940099,,245257,valid,Local timestamps were disambiguated with Europe/Copenhagen daylight saving rules; seven-plant heat/temperature schema verified.
sonderborg_processed_2019,CSV,"{""columns"": 22, ""rows"": 35040}",date;plant1_heat_load;plant1_temp_feed_flow;plant1_temp_back_flow;plant2_heat_load;plant2_temp_feed_flow;plant2_temp_back_flow;plant3_heat_load;plant3_temp_feed_flow;plant3_temp_back_flow;plant4_heat_load;plant4_temp_feed_flow;plant4_temp_back_flow;plant5_heat_load;plant5_temp_feed_flow;plant5_temp_back_flow;plant6_heat_load;plant6_temp_feed_flow;plant6_temp_back_flow;plant7_heat_load;plant7_temp_feed_flow;plant7_temp_back_flow,MW for heat load; deg C for feed and return temperatures,2018-12-31T23:00:00+00:00,2019-12-31T22:45:00+00:00,0.0,47.04092973333332,,245280,valid,Local timestamps were disambiguated with Europe/Copenhagen daylight saving rules; seven-plant heat/temperature schema verified.
denmark_energy_storage_catalogue_v0008,PDF,,,,,,,,,14560424,valid,PDF signature verified; valid_count reports bytes.
denmark_energy_plants_catalogue_v0017,PDF,,,,,,,,,24491892,valid,PDF signature verified; valid_count reports bytes.
carrier_61xwhze_brochure,PDF,,,,,,,,,2468483,valid,PDF signature verified; valid_count reports bytes.
cooldh_network_design_report_d2_7,PDF,,,,,,,,,1308865,valid,PDF signature verified; valid_count reports bytes.
denmark_energy_plants_catalogue_v0019,PDF,,,,,,,,,15496833,valid,PDF signature verified; valid_count reports bytes.
denmark_energy_plants_datasheets_2026_08,XLSX,"{""40 Comp. hp, waste heat 1 MW"": [86, 13]}","Index;Intro;alldata_long;Notes;Ref;01 Coal CHP;02 LTE existing plant;03a Coal to wood pellets exi bo;03b Coal to wood chips n. boile;03c coal to wood chips exi. boi;03d coal to wood chips exi. boi;04 Gas turb. simple cycle, L;04 Gas turb. simple cycle Sm-Me;04 Gas turb. simple cycle Micro;05 Gas turb. CC, steam extract.;05 Gas turb. CC, Back-pressure;06 Gas engines, natural gas;06 Gas engines, biogas;08 WtE CHP, Large, 40 degree;08 WtE CHP, Large, 50 degree;08 WtE CHP, Medium;08 WtE CHP, Small;08 WtE HOP;09a Wood Chips, Large 40 degree;09a Wood Chips, Large 50 degree;09a Wood Chips, Medium;09a Wood Chips, Small;09b Wood Pellets, Large 40 degr;09b Wood Pellets, Large 50 degr;09b Wood Pellets, Medium;09b Wood Pellets, Small;09c Straw, Large, 40 degree;09c Straw, Large, 50 degree;09c Straw, Medium;09c Straw, Small;09a Wood Chips HOP, small;09a Wood Chips HOP, medium;09a Wood Chips HOP, large;09b Wood Pellets HOP;09c Straw HOP;09a Wood Chips extract. plant;09b Wood Pellets extract. plant;10 Stirling;11 SOFC-CHP;12 LT-PEMFC CHP;20 Onshore turbines;20 Domestic turbines;21 Nearshore Wind AC;21 Offshore Wind AC Fixed;21 Offshore Wind AC Floating;21 Far shore Wind DC Fixed;21 Far shore Wind DC Floating;22 Rooftop PV residential;22 Rooftop PV comm.&industrial;22 Utility-scale PV tracker;22 Utility-scale PV;22 Rooftop resid PV+BESS co-loc;22 Rooftop com indu PV+BESS co ;22 Utility-scale PV+BESS co-lo ;23 Wave Energy;40 Comp. hp, airsource 1 MW;40 Comp. hp, airsource 3 MW;40 Comp. hp, airsource 10 MW;40 Comp. hp, waste heat 1 MW;40 Comp. hp, waste heat 3 MW;40 Comp. hp, waste heat 10 MW;40 Comp. hp, seawater 20 MW;40 Comp. hp, seawater 50-100 MW;41 Electric boiler, small;41 Electric boiler, large;44 Natural Gas DH Only;45.1.a Geothermal DH, 1200m;45.1.b Geothermal DH, 2000m;45.2.a Geothermal DH, LT, 1200m;45.2.b Geothermal DH, LT, 2000m;45.3 Geothermal DH, lar scale;46 Solar District Heating;47 Oil DH Only;50 Diesel engine farm;51 Natural gas engine plant;52 OCGT - Natural gas;52 OCGT - Light fuel oil",Mixed technology-specific units documented in workbook,,,,,,82,valid,Workbook structure and required technology sheets verified.
denmark_large_heat_pumps_technology_brief_2026,PDF,,,,,,,,,253199,valid,PDF signature verified; valid_count reports bytes.
denmark_energy_storage_catalogue_v0011,PDF,,,,,,,,,16580176,valid,PDF signature verified; valid_count reports bytes.
denmark_energy_storage_datasheets_v0011,XLSX,"{""141a TTES"": [50, 16], ""141b Large TTES"": [50, 16]}",Index;alldata_flat;Notes;Ref;140 PTES seasonal;141a TTES;141b Large TTES;142 Small scale hot water tank;143a Rock-based Carnot battery;143b Molten salt Carnot battery;150 Underground Storage of Gas;151a Hydrogen Storage - Tanks;151b Hydrogen Storage - LOHC;151c Hydrogen Storage - Caverns;160 Pumped hydro storage;161 CAES;162 Flywheels;180 Lithium Ion Battery;181 Vanadium Redox Flow Battery;182 Na-S Battery;183 Na-NiCl2 Battery,Mixed technology-specific units documented in workbook,,,,,,21,valid,Workbook structure and required technology sheets verified.
denmark_tank_thermal_energy_storage_brief_2026,PDF,,,,,,,,,217914,valid,PDF signature verified; valid_count reports bytes.
eia_tennessee_commercial_electricity_2025,JSON/EIA API v2,"{""rows"": 12}",period;price;price-units;revenue;revenue-units;sales;sales-units;sectorName;sectorid;stateDescription;stateid,,,,,,,12,valid,EIA response structure and complete requested page verified.
eia_tennessee_commercial_natural_gas_2025,JSON/EIA API v2,"{""rows"": 1}",area-name;duoarea;period;process;process-name;product;product-name;series;series-description;units;value,,,,,,,1,valid,EIA response structure and complete requested page verified.
epa_ghg_emission_factors_hub_2025,XLSX,"{""sheets"": 1}",Emission Factors Hub,Mixed source-specific units documented in workbook,,,,,,1,valid,Workbook structure and required Phase D records verified.
epa_egrid_summary_tables_2023_rev2,XLSX,"{""sheets"": 5}",Contents;Table 1;Table 2;Table 3;Table 4,Mixed source-specific units documented in workbook,,,,,,5,valid,Workbook structure and required Phase D records verified.
nist_femp_annual_supplement_2025,PDF,,,,,,,,,1368110,valid,PDF signature verified; valid_count reports bytes.
doe_steam_generation_efficiency_training,PDF,,,,,,,,,196771,valid,PDF signature verified; valid_count reports bytes.
federal_reserve_g5a_exchange_rates_2025,HTML,,2025 annual average EUR/USD exchange rate,USD per EUR,2025,2025,,,,83363,valid,"Federal Reserve release title, currency, and value verified."
epa_thermal_discharges_npdes_2023,PDF,,,,,,,,,26861427,valid,PDF signature verified; valid_count reports bytes.
epa_tennessee_water_quality_standards_2024,PDF,,,,,,,,,585628,valid,PDF signature verified; valid_count reports bytes.
doe_orr_aser_2024,PDF,,,,,,,,,30753353,valid,PDF signature verified; valid_count reports bytes.
ncep_air_2m_2010,NetCDF,"{""lat"": 94, ""lon"": 192, ""time"": 1460}",air,degK,2010-01-01T00:00:00,2010-12-31T18:00:00,221.5,321.3999938964844,,18048,valid,Range statistics use the first time slice.
ncep_shum_2m_2010,NetCDF,"{""lat"": 94, ""lon"": 192, ""time"": 1460}",shum,kg/kg,2010-01-01T00:00:00,2010-12-31T18:00:00,2.9802322387695312e-08,0.025100022554397583,,18048,valid,Range statistics use the first time slice.
ncep_pressure_surface_2010,NetCDF,"{""lat"": 94, ""lon"": 192, ""time"": 1460}",pres,Pascals,2010-01-01T00:00:00,2010-12-31T18:00:00,49770.0,108070.0,,18048,valid,Range statistics use the first time slice.
ncep_sea_ice_concentration_2010,NetCDF,"{""lat"": 94, ""lon"": 192, ""time"": 1460}",icec, ,2010-01-01T00:00:00,2010-12-31T18:00:00,0.0,1.0,,18048,valid,Range statistics use the first time slice.
ncep_snow_water_equivalent_2010,NetCDF,"{""lat"": 94, ""lon"": 192, ""time"": 1460}",weasd,kg/m^2,2010-01-01T00:00:00,2010-12-31T18:00:00,0.0,55004.0,,18048,valid,Range statistics use the first time slice.
ncep_air_2m_2015,NetCDF,"{""lat"": 94, ""lon"": 192, ""nbnds"": 2, ""time"": 1460}",air,degK,2015-01-01T00:00:00,2015-12-31T18:00:00,209.8000030517578,323.29998779296875,,18048,valid,Range statistics use the first time slice.
ncep_shum_2m_2015,NetCDF,"{""lat"": 94, ""lon"": 192, ""time"": 1460}",shum,kg/kg,2015-01-01T00:00:00,2015-12-31T18:00:00,0.0,0.02590000070631504,,18048,valid,Range statistics use the first time slice.
ncep_pressure_surface_2015,NetCDF,"{""lat"": 94, ""lon"": 192, ""time"": 1460}",pres,Pascals,2015-01-01T00:00:00,2015-12-31T18:00:00,49820.0,107770.0,,18048,valid,Range statistics use the first time slice.
ncep_sea_ice_concentration_2015,NetCDF,"{""lat"": 94, ""lon"": 192, ""time"": 1460}",icec, ,2015-01-01T00:00:00,2015-12-31T18:00:00,0.0,1.0,,18048,valid,Range statistics use the first time slice.
ncep_snow_water_equivalent_2015,NetCDF,"{""lat"": 94, ""lon"": 192, ""time"": 1460}",weasd,kg/m^2,2015-01-01T00:00:00,2015-12-31T18:00:00,0.0,55001.0,,18048,valid,Range statistics use the first time slice.
ncep_air_2m_2020,NetCDF,"{""lat"": 94, ""lon"": 192, ""time"": 1464}",air,degK,2020-01-01T00:00:00,2020-12-31T18:00:00,210.89999389648438,323.0,,18048,valid,Range statistics use the first time slice.
ncep_shum_2m_2020,NetCDF,"{""lat"": 94, ""lon"": 192, ""time"": 1464}",shum,kg/kg,2020-01-01T00:00:00,2020-12-31T18:00:00,0.0,0.026499999687075615,,18048,valid,Range statistics use the first time slice.
ncep_pressure_surface_2020,NetCDF,"{""lat"": 94, ""lon"": 192, ""time"": 1464}",pres,Pascals,2020-01-01T00:00:00,2020-12-31T18:00:00,49730.0,107940.0,,18048,valid,Range statistics use the first time slice.
ncep_sea_ice_concentration_2020,NetCDF,"{""lat"": 94, ""lon"": 192, ""time"": 1464}",icec, ,2020-01-01T00:00:00,2020-12-31T18:00:00,0.0,1.0,,18048,valid,Range statistics use the first time slice.
ncep_snow_water_equivalent_2020,NetCDF,"{""lat"": 94, ""lon"": 192, ""time"": 1464}",weasd,kg/m^2,2020-01-01T00:00:00,2020-12-31T18:00:00,0.0,55001.0,,18048,valid,Range statistics use the first time slice.
ncep2_air_2m_2023,NetCDF,"{""lat"": 94, ""level"": 1, ""lon"": 192, ""nbnds"": 2, ""time"": 1460}",air,degK,2023-01-01T00:00:00,2023-12-31T18:00:00,213.30999755859375,318.0199890136719,,18048,valid,Range statistics use the first time slice.
ncep2_shum_2m_2023,NetCDF,"{""lat"": 94, ""level"": 1, ""lon"": 192, ""nbnds"": 2, ""time"": 1460}",shum,kg/kg,2023-01-01T00:00:00,2023-12-31T18:00:00,1.8000000636675395e-05,0.022799000144004822,,18048,valid,Range statistics use the first time slice.
ncep2_pressure_surface_2023,NetCDF,"{""lat"": 94, ""lon"": 192, ""nbnds"": 2, ""time"": 1460}",pres,Pascals,2023-01-01T00:00:00,2023-12-31T18:00:00,50202.0,105251.0,,18048,valid,Range statistics use the first time slice.
ncep2_sea_ice_concentration_2023,NetCDF,"{""lat"": 94, ""lon"": 192, ""nbnds"": 2, ""time"": 1460}",icec, ,2023-01-01T00:00:00,2023-12-31T18:00:00,0.0,1.0,,18048,valid,Range statistics use the first time slice.
ncep2_snow_water_equivalent_2023,NetCDF,"{""lat"": 94, ""lon"": 192, ""nbnds"": 2, ""time"": 1460}",weasd,kg/m^2,2023-01-01T00:00:00,2023-12-31T18:00:00,0.0,55004.80078125,,18048,valid,Range statistics use the first time slice.
ncep2_land_mask,NetCDF,"{""lat"": 94, ""lon"": 192, ""time"": 1}",land, ,1979-01-01T00:00:00,1979-01-01T00:00:00,0.0,1.0,,18048,valid,Range statistics use the first time slice.
ghsl_population_2020_r2023a,ZIP,,GHSL_Data_Package_2023.pdf;GHS_POP_E2020_GLOBE_R2023A_4326_30ss_V1_0.tif;GHS_POP_E2020_GLOBE_R2023A_4326_30ss_V1_0.tif.ovr;GHS_POP_GLOBE_R2023A_input_metadata.xlsx,,,,,,,4,valid,Archive integrity verified.
osti_record_2329591_xml_response,XML,"{""elements"": 40}",article_type;author;authors;availability;contributing_org;country_publication;description;doe_contract_number;doi;entry_date;format;journal_issue;journal_name;journal_volume;language;link;links;osti_id;product_type;publication_date;publisher;record;records;report_number;research_org;research_orgs;sponsor_org;sponsor_orgs;subject;subjects;title,,,,,,,40,valid,Well-formed XML response preserved as an immutable source snapshot.
ornl_publication_page_2329591,HTML,,ORNL publication title;publication type;publication date,,,,,,,44162,valid,ORNL publication identity records verified.
ornl_main_campus_map_2025,PDF,,,,,,,,,2636580,valid,PDF signature verified; valid_count reports bytes.
tdec_tn0002941_compliance_inspection_2025,PDF,,,,,,,,,476732,valid,PDF signature verified; valid_count reports bytes.
osti_record_2329591,JSON/OSTI API v1,"{""records"": 1}",authors;contract_number;country_publication;description;doe_contract_number;doi;entry_date;format;identifier;language;links;osti_id;product_type;publication_date;report_number;research_orgs;sponsor_orgs;subjects;title,,,,,,,1,valid,OSTI record identifier and single-record response verified.
