snapshot_id,citation_key,doi,retrieved_utc,source_url,local_path,file_size_bytes,sha256,completion
crossref_20260924T070837Z,hersbach2020era5,10.1002/qj.3803,2026-09-24T07:08:37+00:00,https://api.crossref.org/works/10.1002%2Fqj.3803,data/raw/references/crossref_20260924T070837Z/hersbach2020era5.json,42688,32292c3e570c1c4926e818c989fdaecbdce36465d2ef4f3326c59c89d8a12bc8,complete
crossref_20260924T070837Z,dinapoli2021era5heat,10.1002/gdj3.102,2026-09-24T07:08:37+00:00,https://api.crossref.org/works/10.1002%2Fgdj3.102,data/raw/references/crossref_20260924T070837Z/dinapoli2021era5heat.json,11333,39e89f11ab6d9262d2265f8b5d1618fe864d182dba04bacbbfbd1ef2ee6e60b4,complete
crossref_20260924T070837Z,flanner2009anthropogenic,10.1029/2008GL036465,2026-09-24T07:08:37+00:00,https://api.crossref.org/works/10.1029%2F2008GL036465,data/raw/references/crossref_20260924T070837Z/flanner2009anthropogenic.json,5555,25000842405a9e9dc61e4dc00d5c5e3f3b3df97d8728ba9b88aaf14691256c6b,complete
crossref_20260924T070837Z,chen2004anthropogenic,10.1029/2004GL019852,2026-09-24T07:08:37+00:00,https://api.crossref.org/works/10.1029%2F2004GL019852,data/raw/references/crossref_20260924T070837Z/chen2004anthropogenic.json,5535,0d9ba3af97d68aa6b8afda284a76a3bb76b04c279075f097ee89677ebbc96040,complete
crossref_20260924T070837Z,li2022allocation,10.1016/j.cie.2022.108448,2026-09-24T07:08:37+00:00,https://api.crossref.org/works/10.1016%2Fj.cie.2022.108448,data/raw/references/crossref_20260924T070837Z/li2022allocation.json,16957,36667968b2d3ee6db0db5aa149b5d001433b5e38f308b8bc2b4e3dcd7208b875,complete
crossref_20260924T070837Z,guelpa2019storage,10.1016/j.apenergy.2019.113474,2026-09-24T07:08:37+00:00,https://api.crossref.org/works/10.1016%2Fj.apenergy.2019.113474,data/raw/references/crossref_20260924T070837Z/guelpa2019storage.json,86821,db21563320709fb217d3ee39767200e4c509796ad18defb749088455b5eb05bc,complete
crossref_20260924T070837Z,lund2014district,10.1016/j.energy.2014.02.089,2026-09-24T07:08:37+00:00,https://api.crossref.org/works/10.1016%2Fj.energy.2014.02.089,data/raw/references/crossref_20260924T070837Z/lund2014district.json,24783,cc77b6b198909e0180321d6ac2859c8892393a30d3870866499b58a5b6c2f1df,complete
crossref_20260924T070837Z,peyre2019transport,10.1561/2200000073,2026-09-24T07:08:37+00:00,https://api.crossref.org/works/10.1561%2F2200000073,data/raw/references/crossref_20260924T070837Z/peyre2019transport.json,117801,84917c6eeb4dc5c751b8547aae07f3977d23e1868a0458b882f66795f2651494,complete
crossref_20260924T070837Z,john2022oceanmover,10.1098/rspa.2021.0875,2026-09-24T07:08:37+00:00,https://api.crossref.org/works/10.1098%2Frspa.2021.0875,data/raw/references/crossref_20260924T070837Z/john2022oceanmover.json,16264,3a9ef2ba1978c2b4705150cd07a5ad6b44cefe9e336cdc2eb7925f06a3fccbaa,complete
crossref_20260924T070837Z,parno2019seaice,10.1029/2019GL083037,2026-09-24T07:08:37+00:00,https://api.crossref.org/works/10.1029%2F2019GL083037,data/raw/references/crossref_20260924T070837Z/parno2019seaice.json,8569,555eacff8aacb487fe61eefdf4ef402a95fd88586389cfb98d3c0d8cafac4319,complete
crossref_20260924T070837Z,vissio2020wasserstein,10.1029/2020GL089385,2026-09-24T07:08:37+00:00,https://api.crossref.org/works/10.1029%2F2020GL089385,data/raw/references/crossref_20260924T070837Z/vissio2020wasserstein.json,10567,28162cdaa6c5b688efd26e27ef9e632ebacb33760af364d5bf3f73a036bbdef1,complete
crossref_20260924T070837Z,buzan2015heatstress,10.5194/gmd-8-151-2015,2026-09-24T07:08:37+00:00,https://api.crossref.org/works/10.5194%2Fgmd-8-151-2015,data/raw/references/crossref_20260924T070837Z/buzan2015heatstress.json,37639,10963c9abd085037c2ba78334cd553e4f7d9e01933b78129bfc65e89402172b0,complete
crossref_20260924T070837Z,liljegren2008wbgt,10.1080/15459620802310770,2026-09-24T07:08:37+00:00,https://api.crossref.org/works/10.1080%2F15459620802310770,data/raw/references/crossref_20260924T070837Z/liljegren2008wbgt.json,5117,e9eac59417be2a3677e66c6aa7877e4bfb710358065abe3da051c1217fcf8a63,complete
crossref_20260924T070837Z,raymond2020heat,10.1126/sciadv.aaw1838,2026-09-24T07:08:37+00:00,https://api.crossref.org/works/10.1126%2Fsciadv.aaw1838,data/raw/references/crossref_20260924T070837Z/raymond2020heat.json,9086,f2f0dd928f4438b604a0020810e36f612f34309c455df7862f0c1031124f985a,complete
crossref_20260924T070837Z,mora2017deadlyheat,10.1038/nclimate3322,2026-09-24T07:08:37+00:00,https://api.crossref.org/works/10.1038%2Fnclimate3322,data/raw/references/crossref_20260924T070837Z/mora2017deadlyheat.json,16990,28a583986b8d2c9cfb377edd2b771fa00fc683fcf60ec61f89cefd5b1edd4ffb,complete
crossref_20260924T070837Z,loeb2018ceres,10.1175/JCLI-D-17-0208.1,2026-09-24T07:08:37+00:00,https://api.crossref.org/works/10.1175%2FJCLI-D-17-0208.1,data/raw/references/crossref_20260924T070837Z/loeb2018ceres.json,10838,7ee5836aa4023c8499bcd15c8c23653be37f2ff1078f53e9ea9c0dd74fea74c2,complete
crossref_20260924T070837Z,raman2014radiative,10.1038/nature13883,2026-09-24T07:08:37+00:00,https://api.crossref.org/works/10.1038%2Fnature13883,data/raw/references/crossref_20260924T070837Z/raman2014radiative.json,16368,6fbe55d6b904dad2e2abb2c7076326659624234c1ea19c14d3e774d6169c1b6c,complete
crossref_20260924T085737Z,kalnay1996ncep,10.1175/1520-0477(1996)077<0437:TNYRP>2.0.CO;2,2026-09-24T08:57:37+00:00,https://api.crossref.org/works/10.1175%2F1520-0477%281996%29077%3C0437%3ATNYRP%3E2.0.CO%3B2,data/raw/references/crossref_20260924T085737Z/kalnay1996ncep.json,4607,ea394247e966f43ea627e62a0ef838742b3dacf1a4bc62700365b754ce96d30c,complete
crossref_20260924T085737Z,tatem2017worldpop,10.1038/sdata.2017.1,2026-09-24T08:57:37+00:00,https://api.crossref.org/works/10.1038%2Fsdata.2017.1,data/raw/references/crossref_20260924T085737Z/tatem2017worldpop.json,37577,42a0f1ca7f05b405deea50e0ca112e9cd48d0a44da3e430dda18dfe9f2bce31c,complete
crossref_20260924T085737Z,hersbach2020era5,10.1002/qj.3803,2026-09-24T08:57:37+00:00,https://api.crossref.org/works/10.1002%2Fqj.3803,data/raw/references/crossref_20260924T085737Z/hersbach2020era5.json,42688,32292c3e570c1c4926e818c989fdaecbdce36465d2ef4f3326c59c89d8a12bc8,complete
crossref_20260924T085737Z,dinapoli2021era5heat,10.1002/gdj3.102,2026-09-24T08:57:37+00:00,https://api.crossref.org/works/10.1002%2Fgdj3.102,data/raw/references/crossref_20260924T085737Z/dinapoli2021era5heat.json,11333,39e89f11ab6d9262d2265f8b5d1618fe864d182dba04bacbbfbd1ef2ee6e60b4,complete
crossref_20260924T085737Z,flanner2009anthropogenic,10.1029/2008GL036465,2026-09-24T08:57:37+00:00,https://api.crossref.org/works/10.1029%2F2008GL036465,data/raw/references/crossref_20260924T085737Z/flanner2009anthropogenic.json,5555,25000842405a9e9dc61e4dc00d5c5e3f3b3df97d8728ba9b88aaf14691256c6b,complete
crossref_20260924T085737Z,chen2004anthropogenic,10.1029/2004GL019852,2026-09-24T08:57:37+00:00,https://api.crossref.org/works/10.1029%2F2004GL019852,data/raw/references/crossref_20260924T085737Z/chen2004anthropogenic.json,5535,0d9ba3af97d68aa6b8afda284a76a3bb76b04c279075f097ee89677ebbc96040,complete
crossref_20260924T085737Z,li2022allocation,10.1016/j.cie.2022.108448,2026-09-24T08:57:37+00:00,https://api.crossref.org/works/10.1016%2Fj.cie.2022.108448,data/raw/references/crossref_20260924T085737Z/li2022allocation.json,16957,36667968b2d3ee6db0db5aa149b5d001433b5e38f308b8bc2b4e3dcd7208b875,complete
crossref_20260924T085737Z,guelpa2019storage,10.1016/j.apenergy.2019.113474,2026-09-24T08:57:37+00:00,https://api.crossref.org/works/10.1016%2Fj.apenergy.2019.113474,data/raw/references/crossref_20260924T085737Z/guelpa2019storage.json,86821,db21563320709fb217d3ee39767200e4c509796ad18defb749088455b5eb05bc,complete
crossref_20260924T085737Z,lund2014district,10.1016/j.energy.2014.02.089,2026-09-24T08:57:37+00:00,https://api.crossref.org/works/10.1016%2Fj.energy.2014.02.089,data/raw/references/crossref_20260924T085737Z/lund2014district.json,24783,cc77b6b198909e0180321d6ac2859c8892393a30d3870866499b58a5b6c2f1df,complete
crossref_20260924T085737Z,peyre2019transport,10.1561/2200000073,2026-09-24T08:57:37+00:00,https://api.crossref.org/works/10.1561%2F2200000073,data/raw/references/crossref_20260924T085737Z/peyre2019transport.json,117801,84917c6eeb4dc5c751b8547aae07f3977d23e1868a0458b882f66795f2651494,complete
crossref_20260924T085737Z,john2022oceanmover,10.1098/rspa.2021.0875,2026-09-24T08:57:37+00:00,https://api.crossref.org/works/10.1098%2Frspa.2021.0875,data/raw/references/crossref_20260924T085737Z/john2022oceanmover.json,16264,3a9ef2ba1978c2b4705150cd07a5ad6b44cefe9e336cdc2eb7925f06a3fccbaa,complete
crossref_20260924T085737Z,parno2019seaice,10.1029/2019GL083037,2026-09-24T08:57:37+00:00,https://api.crossref.org/works/10.1029%2F2019GL083037,data/raw/references/crossref_20260924T085737Z/parno2019seaice.json,8569,555eacff8aacb487fe61eefdf4ef402a95fd88586389cfb98d3c0d8cafac4319,complete
crossref_20260924T085737Z,vissio2020wasserstein,10.1029/2020GL089385,2026-09-24T08:57:37+00:00,https://api.crossref.org/works/10.1029%2F2020GL089385,data/raw/references/crossref_20260924T085737Z/vissio2020wasserstein.json,10567,28162cdaa6c5b688efd26e27ef9e632ebacb33760af364d5bf3f73a036bbdef1,complete
crossref_20260924T085737Z,buzan2015heatstress,10.5194/gmd-8-151-2015,2026-09-24T08:57:37+00:00,https://api.crossref.org/works/10.5194%2Fgmd-8-151-2015,data/raw/references/crossref_20260924T085737Z/buzan2015heatstress.json,37639,7e6b619009ff45a0310fc61ad59aadd9465eeba7893287d51def36379068df90,complete
crossref_20260924T085737Z,liljegren2008wbgt,10.1080/15459620802310770,2026-09-24T08:57:37+00:00,https://api.crossref.org/works/10.1080%2F15459620802310770,data/raw/references/crossref_20260924T085737Z/liljegren2008wbgt.json,5117,e9eac59417be2a3677e66c6aa7877e4bfb710358065abe3da051c1217fcf8a63,complete
crossref_20260924T085737Z,raymond2020heat,10.1126/sciadv.aaw1838,2026-09-24T08:57:37+00:00,https://api.crossref.org/works/10.1126%2Fsciadv.aaw1838,data/raw/references/crossref_20260924T085737Z/raymond2020heat.json,9086,f2f0dd928f4438b604a0020810e36f612f34309c455df7862f0c1031124f985a,complete
crossref_20260924T085737Z,mora2017deadlyheat,10.1038/nclimate3322,2026-09-24T08:57:37+00:00,https://api.crossref.org/works/10.1038%2Fnclimate3322,data/raw/references/crossref_20260924T085737Z/mora2017deadlyheat.json,16990,28a583986b8d2c9cfb377edd2b771fa00fc683fcf60ec61f89cefd5b1edd4ffb,complete
crossref_20260924T085737Z,loeb2018ceres,10.1175/JCLI-D-17-0208.1,2026-09-24T08:57:37+00:00,https://api.crossref.org/works/10.1175%2FJCLI-D-17-0208.1,data/raw/references/crossref_20260924T085737Z/loeb2018ceres.json,10838,7ee5836aa4023c8499bcd15c8c23653be37f2ff1078f53e9ea9c0dd74fea74c2,complete
crossref_20260924T085737Z,raman2014radiative,10.1038/nature13883,2026-09-24T08:57:37+00:00,https://api.crossref.org/works/10.1038%2Fnature13883,data/raw/references/crossref_20260924T085737Z/raman2014radiative.json,16368,6fbe55d6b904dad2e2abb2c7076326659624234c1ea19c14d3e774d6169c1b6c,complete
crossref_20260924T091355Z,kalnay1996ncep,10.1175/1520-0477(1996)077<0437:TNYRP>2.0.CO;2,2026-09-24T09:13:55+00:00,https://api.crossref.org/works/10.1175%2F1520-0477%281996%29077%3C0437%3ATNYRP%3E2.0.CO%3B2,data/raw/references/crossref_20260924T091355Z/kalnay1996ncep.json,4607,ea394247e966f43ea627e62a0ef838742b3dacf1a4bc62700365b754ce96d30c,complete
crossref_20260924T091355Z,tatem2017worldpop,10.1038/sdata.2017.1,2026-09-24T09:13:55+00:00,https://api.crossref.org/works/10.1038%2Fsdata.2017.1,data/raw/references/crossref_20260924T091355Z/tatem2017worldpop.json,37577,42a0f1ca7f05b405deea50e0ca112e9cd48d0a44da3e430dda18dfe9f2bce31c,complete
crossref_20260924T091355Z,hersbach2020era5,10.1002/qj.3803,2026-09-24T09:13:55+00:00,https://api.crossref.org/works/10.1002%2Fqj.3803,data/raw/references/crossref_20260924T091355Z/hersbach2020era5.json,42688,32292c3e570c1c4926e818c989fdaecbdce36465d2ef4f3326c59c89d8a12bc8,complete
crossref_20260924T091355Z,dinapoli2021era5heat,10.1002/gdj3.102,2026-09-24T09:13:55+00:00,https://api.crossref.org/works/10.1002%2Fgdj3.102,data/raw/references/crossref_20260924T091355Z/dinapoli2021era5heat.json,11333,39e89f11ab6d9262d2265f8b5d1618fe864d182dba04bacbbfbd1ef2ee6e60b4,complete
crossref_20260924T091355Z,flanner2009anthropogenic,10.1029/2008GL036465,2026-09-24T09:13:55+00:00,https://api.crossref.org/works/10.1029%2F2008GL036465,data/raw/references/crossref_20260924T091355Z/flanner2009anthropogenic.json,5555,25000842405a9e9dc61e4dc00d5c5e3f3b3df97d8728ba9b88aaf14691256c6b,complete
crossref_20260924T091355Z,chen2004anthropogenic,10.1029/2004GL019852,2026-09-24T09:13:55+00:00,https://api.crossref.org/works/10.1029%2F2004GL019852,data/raw/references/crossref_20260924T091355Z/chen2004anthropogenic.json,5535,0d9ba3af97d68aa6b8afda284a76a3bb76b04c279075f097ee89677ebbc96040,complete
crossref_20260924T091355Z,li2022allocation,10.1016/j.cie.2022.108448,2026-09-24T09:13:55+00:00,https://api.crossref.org/works/10.1016%2Fj.cie.2022.108448,data/raw/references/crossref_20260924T091355Z/li2022allocation.json,16957,36667968b2d3ee6db0db5aa149b5d001433b5e38f308b8bc2b4e3dcd7208b875,complete
crossref_20260924T091355Z,guelpa2019storage,10.1016/j.apenergy.2019.113474,2026-09-24T09:13:55+00:00,https://api.crossref.org/works/10.1016%2Fj.apenergy.2019.113474,data/raw/references/crossref_20260924T091355Z/guelpa2019storage.json,86821,db21563320709fb217d3ee39767200e4c509796ad18defb749088455b5eb05bc,complete
crossref_20260924T091355Z,lund2014district,10.1016/j.energy.2014.02.089,2026-09-24T09:13:55+00:00,https://api.crossref.org/works/10.1016%2Fj.energy.2014.02.089,data/raw/references/crossref_20260924T091355Z/lund2014district.json,24783,cc77b6b198909e0180321d6ac2859c8892393a30d3870866499b58a5b6c2f1df,complete
crossref_20260924T091355Z,peyre2019transport,10.1561/2200000073,2026-09-24T09:13:55+00:00,https://api.crossref.org/works/10.1561%2F2200000073,data/raw/references/crossref_20260924T091355Z/peyre2019transport.json,117801,84917c6eeb4dc5c751b8547aae07f3977d23e1868a0458b882f66795f2651494,complete
crossref_20260924T091355Z,john2022oceanmover,10.1098/rspa.2021.0875,2026-09-24T09:13:55+00:00,https://api.crossref.org/works/10.1098%2Frspa.2021.0875,data/raw/references/crossref_20260924T091355Z/john2022oceanmover.json,16264,3a9ef2ba1978c2b4705150cd07a5ad6b44cefe9e336cdc2eb7925f06a3fccbaa,complete
crossref_20260924T091355Z,parno2019seaice,10.1029/2019GL083037,2026-09-24T09:13:55+00:00,https://api.crossref.org/works/10.1029%2F2019GL083037,data/raw/references/crossref_20260924T091355Z/parno2019seaice.json,8569,555eacff8aacb487fe61eefdf4ef402a95fd88586389cfb98d3c0d8cafac4319,complete
crossref_20260924T091355Z,vissio2020wasserstein,10.1029/2020GL089385,2026-09-24T09:13:55+00:00,https://api.crossref.org/works/10.1029%2F2020GL089385,data/raw/references/crossref_20260924T091355Z/vissio2020wasserstein.json,10567,28162cdaa6c5b688efd26e27ef9e632ebacb33760af364d5bf3f73a036bbdef1,complete
crossref_20260924T091355Z,buzan2015heatstress,10.5194/gmd-8-151-2015,2026-09-24T09:13:55+00:00,https://api.crossref.org/works/10.5194%2Fgmd-8-151-2015,data/raw/references/crossref_20260924T091355Z/buzan2015heatstress.json,37639,7e6b619009ff45a0310fc61ad59aadd9465eeba7893287d51def36379068df90,complete
crossref_20260924T091355Z,liljegren2008wbgt,10.1080/15459620802310770,2026-09-24T09:13:55+00:00,https://api.crossref.org/works/10.1080%2F15459620802310770,data/raw/references/crossref_20260924T091355Z/liljegren2008wbgt.json,5117,e9eac59417be2a3677e66c6aa7877e4bfb710358065abe3da051c1217fcf8a63,complete
crossref_20260924T091355Z,stull2011wetbulb,10.1175/JAMC-D-11-0143.1,2026-09-24T09:13:55+00:00,https://api.crossref.org/works/10.1175%2FJAMC-D-11-0143.1,data/raw/references/crossref_20260924T091355Z/stull2011wetbulb.json,3745,6476fee7931bc435f07688e3bc41b6f96051424c4b8e0377587eba3ef80d2524,complete
crossref_20260924T091355Z,raymond2020heat,10.1126/sciadv.aaw1838,2026-09-24T09:13:55+00:00,https://api.crossref.org/works/10.1126%2Fsciadv.aaw1838,data/raw/references/crossref_20260924T091355Z/raymond2020heat.json,9086,f2f0dd928f4438b604a0020810e36f612f34309c455df7862f0c1031124f985a,complete
crossref_20260924T091355Z,mora2017deadlyheat,10.1038/nclimate3322,2026-09-24T09:13:55+00:00,https://api.crossref.org/works/10.1038%2Fnclimate3322,data/raw/references/crossref_20260924T091355Z/mora2017deadlyheat.json,16990,28a583986b8d2c9cfb377edd2b771fa00fc683fcf60ec61f89cefd5b1edd4ffb,complete
crossref_20260924T091355Z,loeb2018ceres,10.1175/JCLI-D-17-0208.1,2026-09-24T09:13:55+00:00,https://api.crossref.org/works/10.1175%2FJCLI-D-17-0208.1,data/raw/references/crossref_20260924T091355Z/loeb2018ceres.json,10838,7ee5836aa4023c8499bcd15c8c23653be37f2ff1078f53e9ea9c0dd74fea74c2,complete
crossref_20260924T091355Z,raman2014radiative,10.1038/nature13883,2026-09-24T09:13:55+00:00,https://api.crossref.org/works/10.1038%2Fnature13883,data/raw/references/crossref_20260924T091355Z/raman2014radiative.json,16368,6fbe55d6b904dad2e2abb2c7076326659624234c1ea19c14d3e774d6169c1b6c,complete
crossref_20260925T080321Z,kalnay1996ncep,10.1175/1520-0477(1996)077<0437:TNYRP>2.0.CO;2,2026-09-25T08:03:21+00:00,https://api.crossref.org/works/10.1175%2F1520-0477%281996%29077%3C0437%3ATNYRP%3E2.0.CO%3B2,data/raw/references/crossref_20260925T080321Z/kalnay1996ncep.json,4607,03262202be3ff48218f6343976c594209f93c8ddace374a0820c950a8c03a91c,complete
crossref_20260925T080321Z,tatem2017worldpop,10.1038/sdata.2017.1,2026-09-25T08:03:21+00:00,https://api.crossref.org/works/10.1038%2Fsdata.2017.1,data/raw/references/crossref_20260925T080321Z/tatem2017worldpop.json,37577,42a0f1ca7f05b405deea50e0ca112e9cd48d0a44da3e430dda18dfe9f2bce31c,complete
crossref_20260925T080321Z,hersbach2020era5,10.1002/qj.3803,2026-09-25T08:03:21+00:00,https://api.crossref.org/works/10.1002%2Fqj.3803,data/raw/references/crossref_20260925T080321Z/hersbach2020era5.json,42688,4ea64e05da1a874c81eb9747ddfa25ce86ba78f7d074f46289e4cb812be84b36,complete
crossref_20260925T080321Z,dinapoli2021era5heat,10.1002/gdj3.102,2026-09-25T08:03:21+00:00,https://api.crossref.org/works/10.1002%2Fgdj3.102,data/raw/references/crossref_20260925T080321Z/dinapoli2021era5heat.json,11333,195d1badd6c99faf124978b17b94f7fc4835562e55dca5fa580d00cfbac888c9,complete
crossref_20260925T080321Z,flanner2009anthropogenic,10.1029/2008GL036465,2026-09-25T08:03:21+00:00,https://api.crossref.org/works/10.1029%2F2008GL036465,data/raw/references/crossref_20260925T080321Z/flanner2009anthropogenic.json,5555,25000842405a9e9dc61e4dc00d5c5e3f3b3df97d8728ba9b88aaf14691256c6b,complete
crossref_20260925T080321Z,chen2004anthropogenic,10.1029/2004GL019852,2026-09-25T08:03:21+00:00,https://api.crossref.org/works/10.1029%2F2004GL019852,data/raw/references/crossref_20260925T080321Z/chen2004anthropogenic.json,5535,0d9ba3af97d68aa6b8afda284a76a3bb76b04c279075f097ee89677ebbc96040,complete
crossref_20260925T080321Z,li2022allocation,10.1016/j.cie.2022.108448,2026-09-25T08:03:21+00:00,https://api.crossref.org/works/10.1016%2Fj.cie.2022.108448,data/raw/references/crossref_20260925T080321Z/li2022allocation.json,16957,36667968b2d3ee6db0db5aa149b5d001433b5e38f308b8bc2b4e3dcd7208b875,complete
crossref_20260925T080321Z,guelpa2019storage,10.1016/j.apenergy.2019.113474,2026-09-25T08:03:21+00:00,https://api.crossref.org/works/10.1016%2Fj.apenergy.2019.113474,data/raw/references/crossref_20260925T080321Z/guelpa2019storage.json,86821,87ba43fe8cc60535a25ca128cc120e2aa560362e746ac4c3d7fb879652742f35,complete
crossref_20260925T080321Z,lund2014district,10.1016/j.energy.2014.02.089,2026-09-25T08:03:21+00:00,https://api.crossref.org/works/10.1016%2Fj.energy.2014.02.089,data/raw/references/crossref_20260925T080321Z/lund2014district.json,24783,2b01980ae93d1a4c3c5264a3c02e88838fb1fb1e4e1149405addec8a08fe4ac0,complete
crossref_20260925T080321Z,peyre2019transport,10.1561/2200000073,2026-09-25T08:03:21+00:00,https://api.crossref.org/works/10.1561%2F2200000073,data/raw/references/crossref_20260925T080321Z/peyre2019transport.json,117801,27bb6e79408dad210a12f92013ffd3a86b801749470b279f69bd389fa2f92f86,complete
crossref_20260925T080321Z,john2022oceanmover,10.1098/rspa.2021.0875,2026-09-25T08:03:21+00:00,https://api.crossref.org/works/10.1098%2Frspa.2021.0875,data/raw/references/crossref_20260925T080321Z/john2022oceanmover.json,16264,3a9ef2ba1978c2b4705150cd07a5ad6b44cefe9e336cdc2eb7925f06a3fccbaa,complete
crossref_20260925T080321Z,parno2019seaice,10.1029/2019GL083037,2026-09-25T08:03:21+00:00,https://api.crossref.org/works/10.1029%2F2019GL083037,data/raw/references/crossref_20260925T080321Z/parno2019seaice.json,8569,555eacff8aacb487fe61eefdf4ef402a95fd88586389cfb98d3c0d8cafac4319,complete
crossref_20260925T080321Z,vissio2020wasserstein,10.1029/2020GL089385,2026-09-25T08:03:21+00:00,https://api.crossref.org/works/10.1029%2F2020GL089385,data/raw/references/crossref_20260925T080321Z/vissio2020wasserstein.json,10567,28162cdaa6c5b688efd26e27ef9e632ebacb33760af364d5bf3f73a036bbdef1,complete
crossref_20260925T080321Z,buzan2015heatstress,10.5194/gmd-8-151-2015,2026-09-25T08:03:21+00:00,https://api.crossref.org/works/10.5194%2Fgmd-8-151-2015,data/raw/references/crossref_20260925T080321Z/buzan2015heatstress.json,37639,7e6b619009ff45a0310fc61ad59aadd9465eeba7893287d51def36379068df90,complete
crossref_20260925T080321Z,liljegren2008wbgt,10.1080/15459620802310770,2026-09-25T08:03:21+00:00,https://api.crossref.org/works/10.1080%2F15459620802310770,data/raw/references/crossref_20260925T080321Z/liljegren2008wbgt.json,5117,858b95bbc956d42cabe499ed7b1ce90de49d8bac2cec28e0894cac481509ea1d,complete
crossref_20260925T080321Z,stull2011wetbulb,10.1175/JAMC-D-11-0143.1,2026-09-25T08:03:21+00:00,https://api.crossref.org/works/10.1175%2FJAMC-D-11-0143.1,data/raw/references/crossref_20260925T080321Z/stull2011wetbulb.json,3745,a6e4b26606948dc3de489d148dd0db9f7c4db72d4811a14563525731adc661f8,complete
crossref_20260925T080321Z,raymond2020heat,10.1126/sciadv.aaw1838,2026-09-25T08:03:21+00:00,https://api.crossref.org/works/10.1126%2Fsciadv.aaw1838,data/raw/references/crossref_20260925T080321Z/raymond2020heat.json,9086,12c3070c8d9eb96d140b91491036af0c6ddb749e008c537e8f93e934bbdb9ee9,complete
crossref_20260925T080321Z,mora2017deadlyheat,10.1038/nclimate3322,2026-09-25T08:03:21+00:00,https://api.crossref.org/works/10.1038%2Fnclimate3322,data/raw/references/crossref_20260925T080321Z/mora2017deadlyheat.json,16990,8607c40aac7a073e62f5677a0de5176ffe5d5d8e6c4f0cd2164ee96f122962c8,complete
crossref_20260925T080321Z,loeb2018ceres,10.1175/JCLI-D-17-0208.1,2026-09-25T08:03:21+00:00,https://api.crossref.org/works/10.1175%2FJCLI-D-17-0208.1,data/raw/references/crossref_20260925T080321Z/loeb2018ceres.json,10838,1dd2889052421158c620e3be0226485c1c5340b0b01f57257703d85b02d14f9e,complete
crossref_20260925T080321Z,raman2014radiative,10.1038/nature13883,2026-09-25T08:03:21+00:00,https://api.crossref.org/works/10.1038%2Fnature13883,data/raw/references/crossref_20260925T080321Z/raman2014radiative.json,16368,b738689decfe041d78e5a590919f2742cf67330adaeb5b11f38ccbc1cdd75a4d,complete
crossref_20260925T080321Z,zhai2017radiative,10.1126/science.aai7899,2026-09-25T08:03:21+00:00,https://api.crossref.org/works/10.1126%2Fscience.aai7899,data/raw/references/crossref_20260925T080321Z/zhai2017radiative.json,9913,ffb2af56d2c333f05fbb1f8aa373cfc7bdd56f4a425ee4a2053b8a4556c87600,complete
crossref_20260925T080321Z,chertow2007symbiosis,10.1162/jiec.2007.1110,2026-09-25T08:03:21+00:00,https://api.crossref.org/works/10.1162%2Fjiec.2007.1110,data/raw/references/crossref_20260925T080321Z/chertow2007symbiosis.json,16179,ad6f5dd0a092a4306ef247cb2f72334f3140ccff34b7d143bd3d20c54ad29689,complete
crossref_20260925T080321Z,steffen2015boundaries,10.1126/science.1259855,2026-09-25T08:03:21+00:00,https://api.crossref.org/works/10.1126%2Fscience.1259855,data/raw/references/crossref_20260925T080321Z/steffen2015boundaries.json,29266,966d08f575fdd437783a304baaa4daaa1d8d5dd3e6adea34c7b1516023482f99,complete
crossref_20260925T080321Z,hellweg2014lca,10.1126/science.1248361,2026-09-25T08:03:21+00:00,https://api.crossref.org/works/10.1126%2Fscience.1248361,data/raw/references/crossref_20260925T080321Z/hellweg2014lca.json,11331,f6e5a9215ee801595d5a66b2faca1823fa76167bdb31f5aaff12db9a82b1ae9d,complete
crossref_20260925T080321Z,finnveden2009lca,10.1016/j.jenvman.2009.06.018,2026-09-25T08:03:21+00:00,https://api.crossref.org/works/10.1016%2Fj.jenvman.2009.06.018,data/raw/references/crossref_20260925T080321Z/finnveden2009lca.json,76498,66c0b468ac323f9a8690ba6dc9d1f3fd402d13f44ede4690da86a8ae36a54463,complete
crossref_20260925T080321Z,laurent2012carbonfootprint,10.1021/es204163f,2026-09-25T08:03:21+00:00,https://api.crossref.org/works/10.1021%2Fes204163f,data/raw/references/crossref_20260925T080321Z/laurent2012carbonfootprint.json,15378,4f460ee6fe613c151bac5b28329d46908ae05bfcd07c4ff05bad38efeb4b5eab,complete
crossref_20260925T080321Z,zink2017rebound,10.1111/jiec.12545,2026-09-25T08:03:21+00:00,https://api.crossref.org/works/10.1111%2Fjiec.12545,data/raw/references/crossref_20260925T080321Z/zink2017rebound.json,13649,4c307f4482de96b02765b0a4b1ca485e43c0ab84f91c321c6ad5f1cff5845157,complete
crossref_20260925T080321Z,korhonen2018circular,10.1016/j.ecolecon.2017.06.041,2026-09-25T08:03:21+00:00,https://api.crossref.org/works/10.1016%2Fj.ecolecon.2017.06.041,data/raw/references/crossref_20260925T080321Z/korhonen2018circular.json,24324,95135a3768bce7b0be798edd9b4b9b578983ffd1a33b66072cc8b3b170163229,complete
crossref_20260925T080321Z,ryberg2018absolute,10.1111/jiec.12820,2026-09-25T08:03:21+00:00,https://api.crossref.org/works/10.1111%2Fjiec.12820,data/raw/references/crossref_20260925T080321Z/ryberg2018absolute.json,17606,60d1540cf9bdef95c237c14512496004218ca38cd513b0e8df8de9c63bbb352a,complete
crossref_20260925T080321Z,moncaster2019burdenshifting,10.1016/j.jclepro.2019.03.171,2026-09-25T08:03:21+00:00,https://api.crossref.org/works/10.1016%2Fj.jclepro.2019.03.171,data/raw/references/crossref_20260925T080321Z/moncaster2019burdenshifting.json,20701,de5c44e8f286b016e48acc352c29e7a514cad46b96a6383dbf409244a75e1c4d,complete
crossref_20260925T080321Z,gonzalezgaray2019burdenshifting,10.1016/j.jclepro.2019.04.276,2026-09-25T08:03:21+00:00,https://api.crossref.org/works/10.1016%2Fj.jclepro.2019.04.276,data/raw/references/crossref_20260925T080321Z/gonzalezgaray2019burdenshifting.json,15271,eacbc64dfe422b14332dc45189abeaca0addfc2f4c07ae17e4f81118a4e69a6c,complete
crossref_20260925T080321Z,li2026datacenterburden,10.1016/j.jclepro.2026.149201,2026-09-25T08:03:21+00:00,https://api.crossref.org/works/10.1016%2Fj.jclepro.2026.149201,data/raw/references/crossref_20260925T080321Z/li2026datacenterburden.json,26376,538a839c2f8117b24c52f939292c33f909a269f0fbe21adf0324c55192169817,complete
crossref_20260925T080321Z,glavic2007sustainability,10.1016/j.jclepro.2006.12.006,2026-09-25T08:03:21+00:00,https://api.crossref.org/works/10.1016%2Fj.jclepro.2006.12.006,data/raw/references/crossref_20260925T080321Z/glavic2007sustainability.json,9430,e4f930614f6f37ff0788d6c87d004b46001a5ff28fdbd7c374b2bdb38f166cc8,complete
crossref_20260925T080321Z,shi2016cleanerproduction,10.1016/j.jclepro.2015.11.034,2026-09-25T08:03:21+00:00,https://api.crossref.org/works/10.1016%2Fj.jclepro.2015.11.034,data/raw/references/crossref_20260925T080321Z/shi2016cleanerproduction.json,18565,db162dde26f628d2653d2fa840525bfddad9c7f9b9f2bb2e880de64e6b5efaa9,complete
crossref_20260925T080321Z,forman2016wasteheat,10.1016/j.rser.2015.12.192,2026-09-25T08:03:21+00:00,https://api.crossref.org/works/10.1016%2Fj.rser.2015.12.192,data/raw/references/crossref_20260925T080321Z/forman2016wasteheat.json,13207,8e192581d4e8334fd4e9843cc01ef931abb7338ff3870585c96c327c24d2f3a2,complete
crossref_20260925T080321Z,papapetrou2018wasteheat,10.1016/j.applthermaleng.2018.04.043,2026-09-25T08:03:21+00:00,https://api.crossref.org/works/10.1016%2Fj.applthermaleng.2018.04.043,data/raw/references/crossref_20260925T080321Z/papapetrou2018wasteheat.json,12357,15315d92120f00bbc6f326f35639a5a98275a53a1e4683e8e82d80ecbe2436b7,complete
crossref_20260925T080321Z,brueckner2015wasteheat,10.1016/j.apenergy.2015.01.147,2026-09-25T08:03:21+00:00,https://api.crossref.org/works/10.1016%2Fj.apenergy.2015.01.147,data/raw/references/crossref_20260925T080321Z/brueckner2015wasteheat.json,13257,81a18e43f033172a237853b1b6ad4ecd342e50a58c3d0d1c87ee4af014a6f6b7,complete
crossref_20260925T080321Z,ebrahimi2014datacenter,10.1016/j.rser.2013.12.007,2026-09-25T08:03:21+00:00,https://api.crossref.org/works/10.1016%2Fj.rser.2013.12.007,data/raw/references/crossref_20260925T080321Z/ebrahimi2014datacenter.json,35474,c130106885a86bddf0fd92500d16b72946484c4427577cda898145c1b098135c,complete
crossref_20260925T080321Z,wahlroos2018datacenter,10.1016/j.rser.2017.10.058,2026-09-25T08:03:21+00:00,https://api.crossref.org/works/10.1016%2Fj.rser.2017.10.058,data/raw/references/crossref_20260925T080321Z/wahlroos2018datacenter.json,23976,f481cfb442ed8e30f942fe46c131a8534b4664b2b2ffa503950ee98eddd1ef3f,complete
crossref_20260925T080321Z,ebrahimi2019datacenterwhr,10.1016/j.jclepro.2019.02.061,2026-09-25T08:03:21+00:00,https://api.crossref.org/works/10.1016%2Fj.jclepro.2019.02.061,data/raw/references/crossref_20260925T080321Z/ebrahimi2019datacenterwhr.json,16500,a691cb8852632fd09ae23a5f8eed69c04e1a1e833e74f5ea1abad0fe14e741c3,complete
crossref_20260925T080321Z,zhang2024datacentermismatch,10.1016/j.jclepro.2024.143466,2026-09-25T08:03:21+00:00,https://api.crossref.org/works/10.1016%2Fj.jclepro.2024.143466,data/raw/references/crossref_20260925T080321Z/zhang2024datacentermismatch.json,23605,f2720c6b660eb2d25cf41f7d5ad24ee06897e1007ba7b729e35f82ec091c0f14,complete
crossref_20260925T080321Z,fang2018industrycity,10.1016/j.jclepro.2018.05.045,2026-09-25T08:03:21+00:00,https://api.crossref.org/works/10.1016%2Fj.jclepro.2018.05.045,data/raw/references/crossref_20260925T080321Z/fang2018industrycity.json,17436,88e1053c69ca01b361d97817327cf46aa8a56ddc38e34a4f6012d820961800cf,complete
crossref_20260925T080321Z,yang2021exergoenvironmental,10.1016/j.jclepro.2020.125679,2026-09-25T08:03:21+00:00,https://api.crossref.org/works/10.1016%2Fj.jclepro.2020.125679,data/raw/references/crossref_20260925T080321Z/yang2021exergoenvironmental.json,29385,c1cfaa02503e504ba56aced0df2a184a5cf0679e01e5cd5d457f0dadf7ddd5fd,complete
crossref_20260925T080321Z,arpagaus2018heatpumps,10.1016/j.energy.2018.03.166,2026-09-25T08:03:21+00:00,https://api.crossref.org/works/10.1016%2Fj.energy.2018.03.166,data/raw/references/crossref_20260925T080321Z/arpagaus2018heatpumps.json,48835,f92300a1d0668ebce1a1a0dc47901fd3272ebd4b029eaf6b7591c504580be451,complete
crossref_20260925T080321Z,raptis2016thermalpollution,10.1088/1748-9326/11/10/104011,2026-09-25T08:03:21+00:00,https://api.crossref.org/works/10.1088%2F1748-9326%2F11%2F10%2F104011,data/raw/references/crossref_20260925T080321Z/raptis2016thermalpollution.json,7990,2628c05e7968913e7e7c754e3574ce9f0b8271b70a1286e1abc7ca1cffd29168,complete
crossref_20260925T080321Z,madden2013thermaleffluent,10.1088/1748-9326/8/3/035006,2026-09-25T08:03:21+00:00,https://api.crossref.org/works/10.1088%2F1748-9326%2F8%2F3%2F035006,data/raw/references/crossref_20260925T080321Z/madden2013thermaleffluent.json,9198,957610cb0dc262977bdf0c15bc573c4d833f47a3c1ff6ed3bcf174db600acf76,complete
crossref_20260925T080321Z,cheng2017oceanheat,10.1126/sciadv.1601545,2026-09-25T08:03:21+00:00,https://api.crossref.org/works/10.1126%2Fsciadv.1601545,data/raw/references/crossref_20260925T080321Z/cheng2017oceanheat.json,14460,e3fe700992c8077a18a4343f5b130991927f9d8ce1296e113394fe20460cdd77,complete
crossref_20260925T080321Z,serreze2011arctic,10.1016/j.gloplacha.2011.03.004,2026-09-25T08:03:21+00:00,https://api.crossref.org/works/10.1016%2Fj.gloplacha.2011.03.004,data/raw/references/crossref_20260925T080321Z/serreze2011arctic.json,26890,cded0284f073a6c7bccbb391a0f41b7b3792bcc6bf34be2692638f8b26dd5b4a,complete
crossref_20260925T080321Z,mohai2009justice,10.1146/annurev-environ-082508-094348,2026-09-25T08:03:21+00:00,https://api.crossref.org/works/10.1146%2Fannurev-environ-082508-094348,data/raw/references/crossref_20260925T080321Z/mohai2009justice.json,17073,e7b8cc9d22eb84c3cd42188834a4fb419172d26e573b827e88b782a2d4fce408,complete
crossref_20260925T080321Z,sherwood2010adaptability,10.1073/pnas.0913352107,2026-09-25T08:03:21+00:00,https://api.crossref.org/works/10.1073%2Fpnas.0913352107,data/raw/references/crossref_20260925T080321Z/sherwood2010adaptability.json,8045,bb966d240179d32211e9fe898576f32f78416de2b6fb8078f0d552c7d54709a4,complete
crossref_20260925T080321Z,frontier2024dataset,10.1038/s41597-024-03913-w,2026-09-25T08:03:21+00:00,https://api.crossref.org/works/10.1038%2Fs41597-024-03913-w,data/raw/references/crossref_20260925T080321Z/frontier2024dataset.json,9107,e80930bc9fbf5902fb49e510317108644899f67387b6e63736b059c477239d30,complete
crossref_20260925T080321Z,ornl2024wasteheatreport,10.2172/2329591,2026-09-25T08:03:21+00:00,https://api.crossref.org/works/10.2172%2F2329591,data/raw/references/crossref_20260925T080321Z/ornl2024wasteheatreport.json,4194,b5a0f2fc1bfe88cba1392681470e24c1441fb701e8f7dfa8238cfbaa1e0b74cb,complete
crossref_20260925T080321Z,frontier2024figshare,10.6084/m9.figshare.24391240.v4,2026-09-25T08:03:21+00:00,https://api.datacite.org/dois/10.6084%2Fm9.figshare.24391240.v4,data/raw/references/crossref_20260925T080321Z/frontier2024figshare.json,8868,39f08099ae8f43ff68a598a0ee44f0f1c792fd01d80faea4261a8e8fe23ac204,complete
