value_id,manuscript_section,claim_label,value,unit,display_value,evidence_status,eligibility,source_artifact,source_selector,source_sha256,derivation,claim_limit
global_scenarios_evaluated,Global theoretical screening,Canonical one-unit scenarios evaluated,94,count,94,MODEL_OUTPUT,THEORETICAL,results/canonical/one_unit_allocations.csv,row_count,b6277c4652dd4601e1a8ddd959f38621eef393d3216010f9a1ff87ce18f806cd,Number of canonical scenario rows.,Scenario count is not a sample size for a population inference.
global_relocation_positive_scenarios,Global theoretical screening,Canonical scenarios with relocation-positive results,93,count,93,MODEL_OUTPUT,THEORETICAL,results/canonical/one_unit_allocations.csv,sum(relocation_dominates == true),b6277c4652dd4601e1a8ddd959f38621eef393d3216010f9a1ff87ce18f806cd,Count of canonical scenarios whose relocation solution dominates.,Positive screening value is not practical environmental admissibility.
matched_spatial_value,Global theoretical screening,Matched-event spatial screening bound,777.764465332031,burden_units_per_GJ,777.7645,MODEL_OUTPUT,THEORETICAL,results/canonical/matched_event_allocations.csv,analysis == spatial; net_benefit,1721c3be6e249a678fcf4e5a6d42d1f85118ce7c0cb670ef17f0da5346ff4b78,Direct selection of the matched-event spatial row.,Marginal burden-space screening bound; not physical heat delivery.
matched_temporal_value,Global theoretical screening,Same-location temporal screening bound,419.329376220703,burden_units_per_GJ,419.3294,MODEL_OUTPUT,THEORETICAL,results/canonical/matched_event_allocations.csv,analysis == temporal; net_benefit,1721c3be6e249a678fcf4e5a6d42d1f85118ce7c0cb670ef17f0da5346ff4b78,Direct selection of the matched-event temporal row.,Marginal burden-space screening bound; not physical heat delivery.
matched_temporal_fraction,Global theoretical screening,Temporal value relative to matched spatial value,0.53914699746753,fraction,53.9147%,DERIVED_MODEL_OUTPUT,THEORETICAL,results/canonical/matched_event_allocations.csv,analysis == temporal; fraction_of_matched_spatial,1721c3be6e249a678fcf4e5a6d42d1f85118ce7c0cb670ef17f0da5346ff4b78,Temporal net benefit divided by spatial net benefit.,Ratio compares burden-space bounds only.
matched_source_latitude,Global theoretical screening,Matched-event source latitude,23.8092002868652,degree_north,23.81,MODEL_OUTPUT,THEORETICAL,results/canonical/matched_event_allocations.csv,analysis == spatial; source_latitude,1721c3be6e249a678fcf4e5a6d42d1f85118ce7c0cb670ef17f0da5346ff4b78,Direct selection of the matched spatial source cell.,"Grid-cell coordinate, not a site-selection recommendation."
matched_source_longitude,Global theoretical screening,Matched-event source longitude,90,degree_east,90.00,MODEL_OUTPUT,THEORETICAL,results/canonical/matched_event_allocations.csv,analysis == spatial; source_longitude,1721c3be6e249a678fcf4e5a6d42d1f85118ce7c0cb670ef17f0da5346ff4b78,Direct selection of the matched spatial source cell.,"Grid-cell coordinate, not a site-selection recommendation."
matched_sink_latitude,Global theoretical screening,Matched-event zero-penalty sink latitude,44.761100769043,degree_north,44.76,MODEL_OUTPUT,THEORETICAL,results/canonical/matched_event_allocations.csv,analysis == spatial; sink_latitude,1721c3be6e249a678fcf4e5a6d42d1f85118ce7c0cb670ef17f0da5346ff4b78,Direct selection of the matched spatial sink cell.,Mathematical sink is not automatically environmentally safe.
matched_sink_longitude,Global theoretical screening,Matched-event zero-penalty sink longitude,135,degree_east,135.00,MODEL_OUTPUT,THEORETICAL,results/canonical/matched_event_allocations.csv,analysis == spatial; sink_longitude,1721c3be6e249a678fcf4e5a6d42d1f85118ce7c0cb670ef17f0da5346ff4b78,Direct selection of the matched spatial sink cell.,Mathematical sink is not automatically environmentally safe.
matched_source_sink_distance,Global theoretical screening,Matched-event source-to-sink distance,4665.74723501065,km,"4,665.7",MODEL_OUTPUT,THEORETICAL,results/canonical/matched_event_allocations.csv,analysis == spatial; distance_km,1721c3be6e249a678fcf4e5a6d42d1f85118ce7c0cb670ef17f0da5346ff4b78,Great-circle distance between selected grid cells.,Distance does not define an engineering transport route.
matched_temporal_lag,Global theoretical screening,Matched-event temporal lag,18,hour,18,DERIVED_MODEL_OUTPUT,THEORETICAL,results/canonical/matched_event_allocations.csv,analysis == temporal; lag_steps,1721c3be6e249a678fcf4e5a6d42d1f85118ce7c0cb670ef17f0da5346ff4b78,Matched temporal lag_steps multiplied by the canonical time_step_hours from structural_replication.csv.,"Storage window in the screening model, not a case storage design."
matched_cooptimal_sink_count,Global theoretical screening,Exactly co-optimal matched-event sink candidates,422,count,422,MODEL_OUTPUT,THEORETICAL,results/canonical/matched_event_allocations.csv,analysis == spatial; cooptimal_candidate_count,1721c3be6e249a678fcf4e5a6d42d1f85118ce7c0cb670ef17f0da5346ff4b78,Direct count using the configured co-optimality tolerance.,Non-uniqueness weakens any single-site interpretation.
matched_near_optimal_sink_count,Global theoretical screening,Matched-event sink candidates within 1% of the optimum,808,count,808,MODEL_OUTPUT,THEORETICAL,results/canonical/matched_event_allocations.csv,analysis == spatial; near_optimal_candidate_count,1721c3be6e249a678fcf4e5a6d42d1f85118ce7c0cb670ef17f0da5346ff4b78,Direct count using the configured within-1% criterion.,Non-uniqueness weakens any single-site interpretation.
finite_q_largest_feasible,Global theoretical screening,Largest evaluated heat quantity feasible under the local cap,100000,GJ,"100,000",MODEL_OUTPUT,THEORETICAL,results/canonical/finite_q_sensitivity.csv,max(energy_gj where status == feasible),56dcd9ae68e16c8939195e3a1d89274467192685b9aec8a84f86a240bde46c88,Maximum among evaluated finite-Q sensitivity rows.,Local feasibility is not practical transport or disposal feasibility.
finite_q_smallest_infeasible,Global theoretical screening,Smallest evaluated heat quantity infeasible under the local cap,1000000,GJ,"1,000,000",MODEL_OUTPUT,THEORETICAL,results/canonical/finite_q_sensitivity.csv,min(energy_gj where status == infeasible_under_local_capacity),56dcd9ae68e16c8939195e3a1d89274467192685b9aec8a84f86a240bde46c88,Minimum among evaluated infeasible finite-Q sensitivity rows.,Threshold is bracketed only by evaluated quantities.
structural_replication_scenario_count,Structural replication,Structural replication scenarios,9,count,9,MODEL_OUTPUT,THEORETICAL,results/tables/structural_replication.csv,row_count,097ade6b588095040a4e2b256e08267cdb58a4b5449d0ea0fb0b3a61c41e7a99,Count of predefined structural-replication scenarios.,"A structured robustness panel, not an exhaustive uncertainty analysis."
structural_spatial_value_min,Structural replication,Minimum spatial screening value across structural replications,50.0062199283055,burden_units_per_GJ,50.0062,MODEL_OUTPUT,THEORETICAL,results/tables/structural_replication.csv,min(spatial_zero_penalty_net_benefit_per_gj),097ade6b588095040a4e2b256e08267cdb58a4b5449d0ea0fb0b3a61c41e7a99,Minimum across the predefined structural-replication panel.,Values differ in proxy definition and are not practical benefits.
structural_spatial_value_max,Structural replication,Maximum spatial screening value across structural replications,787.294867913894,burden_units_per_GJ,787.2949,MODEL_OUTPUT,THEORETICAL,results/tables/structural_replication.csv,max(spatial_zero_penalty_net_benefit_per_gj),097ade6b588095040a4e2b256e08267cdb58a4b5449d0ea0fb0b3a61c41e7a99,Maximum across the predefined structural-replication panel.,Values differ in proxy definition and are not practical benefits.
frontier_expected_intervals,Measured source case,Expected Frontier 10-minute calendar intervals,52560,count,"52,560",DERIVED_MEASURED_DATA,MEASURED_SOURCE,results/techno_economic/frontier_source_potential.csv,metric == expected_10_minute_intervals; value,d7dd98e75486865c86b3a5c6f92290192b427b1fff67eac7f695c1a0cc1f5cee,Non-leap calendar count at 10-minute resolution.,Expected timestamps are not observed heat values.
frontier_valid_intervals,Measured source case,Valid measured Frontier source intervals,49869,count,"49,869",DERIVED_MEASURED_DATA,MEASURED_SOURCE,results/techno_economic/frontier_source_potential.csv,metric == valid_waste_heat_observations; value,d7dd98e75486865c86b3a5c6f92290192b427b1fff67eac7f695c1a0cc1f5cee,Count of numeric measured waste-heat observations.,Missing observations remain unavailable and are not imputed.
frontier_missing_intervals,Measured source case,Missing Frontier calendar intervals,2691,count,"2,691",DERIVED_MEASURED_DATA,MEASURED_SOURCE,results/techno_economic/frontier_source_potential.csv,metric == missing_timestamps; value,d7dd98e75486865c86b3a5c6f92290192b427b1fff67eac7f695c1a0cc1f5cee,Expected calendar intervals minus unique workbook timestamps.,Does not isolate facility downtime from acquisition downtime.
frontier_observed_heat,Measured source case,Observed valid Frontier waste heat,75573.5905508154,MWh_th,"75,573.6",DERIVED_MEASURED_DATA,MEASURED_SOURCE,results/techno_economic/frontier_source_potential.csv,metric == observed_waste_heat_energy; value,d7dd98e75486865c86b3a5c6f92290192b427b1fff67eac7f695c1a0cc1f5cee,Sum of measured MW values multiplied by 1/6 hour.,Observed valid intervals only; not a complete-year estimate.
frontier_waste_heat_min,Measured source case,source waste heat min mw,0,MW_th,0.0,DERIVED_MEASURED_DATA,MEASURED_SOURCE,data/metadata/technology_parameters.csv,parameter_id == source_waste_heat_min_mw; value,e214930f97389419a034be1a3c32eee762db0fe13701e8b99d13e2b05c836ce9,Minimum of numeric Overall_WasteHeat observations in worksheet Frontier2023; units row and missing cells excluded.,Source-side measured context only.
frontier_waste_heat_median,Measured source case,source waste heat median mw,8.58568002133,MW_th,8.5857,DERIVED_MEASURED_DATA,MEASURED_SOURCE,data/metadata/technology_parameters.csv,parameter_id == source_waste_heat_median_mw; value,e214930f97389419a034be1a3c32eee762db0fe13701e8b99d13e2b05c836ce9,Median of numeric Overall_WasteHeat observations in worksheet Frontier2023; units row and missing cells excluded.,Source-side measured context only.
frontier_waste_heat_mean,Measured source case,source waste heat mean mw,9.09265361858,MW_th,9.0927,DERIVED_MEASURED_DATA,MEASURED_SOURCE,data/metadata/technology_parameters.csv,parameter_id == source_waste_heat_mean_mw; value,e214930f97389419a034be1a3c32eee762db0fe13701e8b99d13e2b05c836ce9,Arithmetic mean of numeric Overall_WasteHeat observations in worksheet Frontier2023; units row and missing cells excluded.,Source-side measured context only.
frontier_waste_heat_p95,Measured source case,source waste heat p95 mw,14.7010922411,MW_th,14.7011,DERIVED_MEASURED_DATA,MEASURED_SOURCE,data/metadata/technology_parameters.csv,parameter_id == source_waste_heat_p95_mw; value,e214930f97389419a034be1a3c32eee762db0fe13701e8b99d13e2b05c836ce9,95th percentile of numeric Overall_WasteHeat observations in worksheet Frontier2023; units row and missing cells excluded.,Source-side measured context only.
frontier_waste_heat_max,Measured source case,source waste heat max mw,26.3352728318,MW_th,26.3353,DERIVED_MEASURED_DATA,MEASURED_SOURCE,data/metadata/technology_parameters.csv,parameter_id == source_waste_heat_max_mw; value,e214930f97389419a034be1a3c32eee762db0fe13701e8b99d13e2b05c836ce9,Maximum of numeric Overall_WasteHeat observations in worksheet Frontier2023; units row and missing cells excluded.,Source-side measured context only.
frontier_supply_temperature_median,Measured source case,source supply temperature median c,20.5,deg_C,20.5,DERIVED_MEASURED_DATA,MEASURED_SOURCE,data/metadata/technology_parameters.csv,parameter_id == source_supply_temperature_median_c; value,e214930f97389419a034be1a3c32eee762db0fe13701e8b99d13e2b05c836ce9,Median of numeric Overall Coolant Supply Temp observations in worksheet Frontier2023; units row and missing cells excluded.,Source-side measured context only.
frontier_return_temperature_median,Measured source case,source return temperature median c,31.8029541921,deg_C,31.803,DERIVED_MEASURED_DATA,MEASURED_SOURCE,data/metadata/technology_parameters.csv,parameter_id == source_return_temperature_median_c; value,e214930f97389419a034be1a3c32eee762db0fe13701e8b99d13e2b05c836ce9,Median of numeric Overall-average Coolant Return Temp observations in worksheet Frontier2023; units row and missing cells excluded.,Source-side measured context only.
heat_pump_case_cop,Conditional technology case,heat pump case cop,3.08,MW_heat_per_MW_electric,3.08,CASE_SOURCE_VALUE,CONDITIONAL,data/metadata/technology_parameters.csv,parameter_id == heat_pump_case_cop; value,e214930f97389419a034be1a3c32eee762db0fe13701e8b99d13e2b05c836ce9,Direct selection of the documented case-source value.,"Technology value does not close missing demand, route, or cost gates."
heat_pump_case_total_capacity,Conditional technology case,heat pump case total capacity mw,3,MW_th,3.0,CASE_SOURCE_VALUE,CONDITIONAL,data/metadata/technology_parameters.csv,parameter_id == heat_pump_case_total_capacity_mw; value,e214930f97389419a034be1a3c32eee762db0fe13701e8b99d13e2b05c836ce9,3 units * 1 MW_th/unit.,"Technology value does not close missing demand, route, or cost gates."
heat_pump_case_sink_temperature,Conditional technology case,heat pump case sink temperature c,85,deg_C,85,CASE_SOURCE_VALUE,CONDITIONAL,data/metadata/technology_parameters.csv,parameter_id == heat_pump_case_sink_temperature_c; value,e214930f97389419a034be1a3c32eee762db0fe13701e8b99d13e2b05c836ce9,Direct selection of the documented case-source value.,"Technology value does not close missing demand, route, or cost gates."
heat_pump_case_unit_equipment_cost,Conditional technology case,heat pump case unit equipment cost usd,200000,USD_unspecified_year_per_unit,"200,000",CASE_SOURCE_VALUE,CONDITIONAL,data/metadata/technology_parameters.csv,parameter_id == heat_pump_case_unit_equipment_cost_usd; value,e214930f97389419a034be1a3c32eee762db0fe13701e8b99d13e2b05c836ce9,Direct selection of the documented case-source value.,Equipment-only scope and price year are not fully specified.
ornl_case_a_average,Receiving-demand evidence,Case A average recorded space-heating demand,0.76,MW_th,0.76,OFFICIAL_MEASURED_SUMMARY,BOUND_ONLY,data/metadata/ornl_demand_summary.csv,record_id == case_a_average; value_mw_th,52933daca612169db25e6b41afca265a5446799f26075485ea794c28d69492db,Manual transcription of the one-year recorded space-heating summary,Summary statistic only; no timestamped demand profile.
ornl_case_a_maximum,Receiving-demand evidence,Case A maximum recorded space-heating demand,2.09,MW_th,2.09,OFFICIAL_MEASURED_SUMMARY,BOUND_ONLY,data/metadata/ornl_demand_summary.csv,record_id == case_a_maximum; value_mw_th,52933daca612169db25e6b41afca265a5446799f26075485ea794c28d69492db,Manual transcription of the one-year recorded space-heating summary,Summary statistic only; no timestamped demand profile.
ornl_case_b_selected_average,Receiving-demand evidence,Selected Case B average demand bound,1.31,MW_th,1.31,OFFICIAL_MEASURED_SUMMARY,BOUND_ONLY,data/metadata/ornl_demand_summary.csv,record_id == case_b_selected_average; value_mw_th,52933daca612169db25e6b41afca265a5446799f26075485ea794c28d69492db,Sum of the transcribed Case A and Buildings 5100-5300 average values,Summary statistic only; no timestamped demand profile.
ornl_case_b_selected_maximum,Receiving-demand evidence,Selected Case B maximum demand bound,3.61,MW_th,3.61,OFFICIAL_MEASURED_SUMMARY,BOUND_ONLY,data/metadata/ornl_demand_summary.csv,record_id == case_b_selected_maximum; value_mw_th,52933daca612169db25e6b41afca265a5446799f26075485ea794c28d69492db,Sum of the transcribed Case A and Buildings 5100-5300 maximum values,Summary statistic only; no timestamped demand profile.
dispatch_direct_lower_demand_bound_source_heat_used,Finite dispatch sensitivity,direct_lower_demand_bound source heat used,5590.87216116046,MWh_th,"5,590.9",DEMAND_BOUND_MODEL_OUTPUT,CONDITIONAL,results/dispatch/finite_dispatch_summary.csv,scenario_id == direct_lower_demand_bound; source_heat_used_mwh,8ae7bd21686b5cbfa9dea1f04c5bdf19624999a721e99b3e89e23fdabd208ebf,Direct selection of the finite-dispatch scenario output.,Demand-bound sensitivity; not an observed or calibrated annual Frontier-to-ORNL operation.
dispatch_direct_lower_demand_bound_useful_heat_delivered,Finite dispatch sensitivity,direct_lower_demand_bound useful heat delivered,8278.79146941068,MWh_th,"8,278.8",DEMAND_BOUND_MODEL_OUTPUT,CONDITIONAL,results/dispatch/finite_dispatch_summary.csv,scenario_id == direct_lower_demand_bound; useful_heat_delivered_mwh,8ae7bd21686b5cbfa9dea1f04c5bdf19624999a721e99b3e89e23fdabd208ebf,Direct selection of the finite-dispatch scenario output.,Demand-bound sensitivity; not an observed or calibrated annual Frontier-to-ORNL operation.
dispatch_direct_lower_demand_bound_residual_source_rejection,Finite dispatch sensitivity,direct_lower_demand_bound residual source rejection,69982.7183896549,MWh_th,"69,982.7",DEMAND_BOUND_MODEL_OUTPUT,CONDITIONAL,results/dispatch/finite_dispatch_summary.csv,scenario_id == direct_lower_demand_bound; residual_source_rejection_mwh,8ae7bd21686b5cbfa9dea1f04c5bdf19624999a721e99b3e89e23fdabd208ebf,Direct selection of the finite-dispatch scenario output.,Demand-bound sensitivity; not an observed or calibrated annual Frontier-to-ORNL operation.
dispatch_direct_lower_demand_bound_demand_served,Finite dispatch sensitivity,direct_lower_demand_bound demand served,0.945067519339119,fraction,94.507%,DEMAND_BOUND_MODEL_OUTPUT,CONDITIONAL,results/dispatch/finite_dispatch_summary.csv,scenario_id == direct_lower_demand_bound; demand_served_fraction,8ae7bd21686b5cbfa9dea1f04c5bdf19624999a721e99b3e89e23fdabd208ebf,Direct selection of the finite-dispatch scenario output.,Demand-bound sensitivity; not an observed or calibrated annual Frontier-to-ORNL operation.
dispatch_direct_upper_demand_bound_source_heat_used,Finite dispatch sensitivity,direct_upper_demand_bound source heat used,11170.5491023421,MWh_th,"11,170.5",DEMAND_BOUND_MODEL_OUTPUT,CONDITIONAL,results/dispatch/finite_dispatch_summary.csv,scenario_id == direct_upper_demand_bound; source_heat_used_mwh,8ae7bd21686b5cbfa9dea1f04c5bdf19624999a721e99b3e89e23fdabd208ebf,Direct selection of the finite-dispatch scenario output.,Demand-bound sensitivity; not an observed or calibrated annual Frontier-to-ORNL operation.
dispatch_direct_upper_demand_bound_useful_heat_delivered,Finite dispatch sensitivity,direct_upper_demand_bound useful heat delivered,16541.005401545,MWh_th,"16,541.0",DEMAND_BOUND_MODEL_OUTPUT,CONDITIONAL,results/dispatch/finite_dispatch_summary.csv,scenario_id == direct_upper_demand_bound; useful_heat_delivered_mwh,8ae7bd21686b5cbfa9dea1f04c5bdf19624999a721e99b3e89e23fdabd208ebf,Direct selection of the finite-dispatch scenario output.,Demand-bound sensitivity; not an observed or calibrated annual Frontier-to-ORNL operation.
dispatch_direct_upper_demand_bound_residual_source_rejection,Finite dispatch sensitivity,direct_upper_demand_bound residual source rejection,64403.0414484733,MWh_th,"64,403.0",DEMAND_BOUND_MODEL_OUTPUT,CONDITIONAL,results/dispatch/finite_dispatch_summary.csv,scenario_id == direct_upper_demand_bound; residual_source_rejection_mwh,8ae7bd21686b5cbfa9dea1f04c5bdf19624999a721e99b3e89e23fdabd208ebf,Direct selection of the finite-dispatch scenario output.,Demand-bound sensitivity; not an observed or calibrated annual Frontier-to-ORNL operation.
dispatch_direct_upper_demand_bound_demand_served,Finite dispatch sensitivity,direct_upper_demand_bound demand served,0.944121312873576,fraction,94.412%,DEMAND_BOUND_MODEL_OUTPUT,CONDITIONAL,results/dispatch/finite_dispatch_summary.csv,scenario_id == direct_upper_demand_bound; demand_served_fraction,8ae7bd21686b5cbfa9dea1f04c5bdf19624999a721e99b3e89e23fdabd208ebf,Direct selection of the finite-dispatch scenario output.,Demand-bound sensitivity; not an observed or calibrated annual Frontier-to-ORNL operation.
dispatch_minimum_formula_storage_lower_demand_source_heat_used,Finite dispatch sensitivity,minimum_formula_storage_lower_demand source heat used,5968.76025195065,MWh_th,"5,968.8",DEMAND_BOUND_MODEL_OUTPUT,CONDITIONAL,results/dispatch/finite_dispatch_summary.csv,scenario_id == minimum_formula_storage_lower_demand; source_heat_used_mwh,8ae7bd21686b5cbfa9dea1f04c5bdf19624999a721e99b3e89e23fdabd208ebf,Direct selection of the finite-dispatch scenario output.,Demand-bound sensitivity; not an observed or calibrated annual Frontier-to-ORNL operation.
dispatch_minimum_formula_storage_lower_demand_useful_heat_delivered,Finite dispatch sensitivity,minimum_formula_storage_lower_demand useful heat delivered,8747.75843018163,MWh_th,"8,747.8",DEMAND_BOUND_MODEL_OUTPUT,CONDITIONAL,results/dispatch/finite_dispatch_summary.csv,scenario_id == minimum_formula_storage_lower_demand; useful_heat_delivered_mwh,8ae7bd21686b5cbfa9dea1f04c5bdf19624999a721e99b3e89e23fdabd208ebf,Direct selection of the finite-dispatch scenario output.,Demand-bound sensitivity; not an observed or calibrated annual Frontier-to-ORNL operation.
dispatch_minimum_formula_storage_lower_demand_residual_source_rejection,Finite dispatch sensitivity,minimum_formula_storage_lower_demand residual source rejection,69604.8302988647,MWh_th,"69,604.8",DEMAND_BOUND_MODEL_OUTPUT,CONDITIONAL,results/dispatch/finite_dispatch_summary.csv,scenario_id == minimum_formula_storage_lower_demand; residual_source_rejection_mwh,8ae7bd21686b5cbfa9dea1f04c5bdf19624999a721e99b3e89e23fdabd208ebf,Direct selection of the finite-dispatch scenario output.,Demand-bound sensitivity; not an observed or calibrated annual Frontier-to-ORNL operation.
dispatch_minimum_formula_storage_lower_demand_demand_served,Finite dispatch sensitivity,minimum_formula_storage_lower_demand demand served,0.998602560523018,fraction,99.860%,DEMAND_BOUND_MODEL_OUTPUT,CONDITIONAL,results/dispatch/finite_dispatch_summary.csv,scenario_id == minimum_formula_storage_lower_demand; demand_served_fraction,8ae7bd21686b5cbfa9dea1f04c5bdf19624999a721e99b3e89e23fdabd208ebf,Direct selection of the finite-dispatch scenario output.,Demand-bound sensitivity; not an observed or calibrated annual Frontier-to-ORNL operation.
dispatch_minimum_formula_storage_upper_demand_source_heat_used,Finite dispatch sensitivity,minimum_formula_storage_upper_demand source heat used,11670.2018553839,MWh_th,"11,670.2",DEMAND_BOUND_MODEL_OUTPUT,CONDITIONAL,results/dispatch/finite_dispatch_summary.csv,scenario_id == minimum_formula_storage_upper_demand; source_heat_used_mwh,8ae7bd21686b5cbfa9dea1f04c5bdf19624999a721e99b3e89e23fdabd208ebf,Direct selection of the finite-dispatch scenario output.,Demand-bound sensitivity; not an observed or calibrated annual Frontier-to-ORNL operation.
dispatch_minimum_formula_storage_upper_demand_useful_heat_delivered,Finite dispatch sensitivity,minimum_formula_storage_upper_demand useful heat delivered,17188.4762070921,MWh_th,"17,188.5",DEMAND_BOUND_MODEL_OUTPUT,CONDITIONAL,results/dispatch/finite_dispatch_summary.csv,scenario_id == minimum_formula_storage_upper_demand; useful_heat_delivered_mwh,8ae7bd21686b5cbfa9dea1f04c5bdf19624999a721e99b3e89e23fdabd208ebf,Direct selection of the finite-dispatch scenario output.,Demand-bound sensitivity; not an observed or calibrated annual Frontier-to-ORNL operation.
dispatch_minimum_formula_storage_upper_demand_residual_source_rejection,Finite dispatch sensitivity,minimum_formula_storage_upper_demand residual source rejection,63903.3886954315,MWh_th,"63,903.4",DEMAND_BOUND_MODEL_OUTPUT,CONDITIONAL,results/dispatch/finite_dispatch_summary.csv,scenario_id == minimum_formula_storage_upper_demand; residual_source_rejection_mwh,8ae7bd21686b5cbfa9dea1f04c5bdf19624999a721e99b3e89e23fdabd208ebf,Direct selection of the finite-dispatch scenario output.,Demand-bound sensitivity; not an observed or calibrated annual Frontier-to-ORNL operation.
dispatch_minimum_formula_storage_upper_demand_demand_served,Finite dispatch sensitivity,minimum_formula_storage_upper_demand demand served,0.981077409080598,fraction,98.108%,DEMAND_BOUND_MODEL_OUTPUT,CONDITIONAL,results/dispatch/finite_dispatch_summary.csv,scenario_id == minimum_formula_storage_upper_demand; demand_served_fraction,8ae7bd21686b5cbfa9dea1f04c5bdf19624999a721e99b3e89e23fdabd208ebf,Direct selection of the finite-dispatch scenario output.,Demand-bound sensitivity; not an observed or calibrated annual Frontier-to-ORNL operation.
dispatch_generic_storage_lower_demand_source_heat_used,Finite dispatch sensitivity,generic_storage_lower_demand source heat used,6227.37736059114,MWh_th,"6,227.4",DEMAND_BOUND_MODEL_OUTPUT,CONDITIONAL,results/dispatch/finite_dispatch_summary.csv,scenario_id == generic_storage_lower_demand; source_heat_used_mwh,8ae7bd21686b5cbfa9dea1f04c5bdf19624999a721e99b3e89e23fdabd208ebf,Direct selection of the finite-dispatch scenario output.,Demand-bound sensitivity; not an observed or calibrated annual Frontier-to-ORNL operation.
dispatch_generic_storage_lower_demand_useful_heat_delivered,Finite dispatch sensitivity,generic_storage_lower_demand useful heat delivered,8760,MWh_th,"8,760.0",DEMAND_BOUND_MODEL_OUTPUT,CONDITIONAL,results/dispatch/finite_dispatch_summary.csv,scenario_id == generic_storage_lower_demand; useful_heat_delivered_mwh,8ae7bd21686b5cbfa9dea1f04c5bdf19624999a721e99b3e89e23fdabd208ebf,Direct selection of the finite-dispatch scenario output.,Demand-bound sensitivity; not an observed or calibrated annual Frontier-to-ORNL operation.
dispatch_generic_storage_lower_demand_residual_source_rejection,Finite dispatch sensitivity,generic_storage_lower_demand residual source rejection,69346.2131902242,MWh_th,"69,346.2",DEMAND_BOUND_MODEL_OUTPUT,CONDITIONAL,results/dispatch/finite_dispatch_summary.csv,scenario_id == generic_storage_lower_demand; residual_source_rejection_mwh,8ae7bd21686b5cbfa9dea1f04c5bdf19624999a721e99b3e89e23fdabd208ebf,Direct selection of the finite-dispatch scenario output.,Demand-bound sensitivity; not an observed or calibrated annual Frontier-to-ORNL operation.
dispatch_generic_storage_lower_demand_demand_served,Finite dispatch sensitivity,generic_storage_lower_demand demand served,1,fraction,100.000%,DEMAND_BOUND_MODEL_OUTPUT,CONDITIONAL,results/dispatch/finite_dispatch_summary.csv,scenario_id == generic_storage_lower_demand; demand_served_fraction,8ae7bd21686b5cbfa9dea1f04c5bdf19624999a721e99b3e89e23fdabd208ebf,Direct selection of the finite-dispatch scenario output.,Demand-bound sensitivity; not an observed or calibrated annual Frontier-to-ORNL operation.
dispatch_generic_storage_upper_demand_source_heat_used,Finite dispatch sensitivity,generic_storage_upper_demand source heat used,12072.2459662074,MWh_th,"12,072.2",DEMAND_BOUND_MODEL_OUTPUT,CONDITIONAL,results/dispatch/finite_dispatch_summary.csv,scenario_id == generic_storage_upper_demand; source_heat_used_mwh,8ae7bd21686b5cbfa9dea1f04c5bdf19624999a721e99b3e89e23fdabd208ebf,Direct selection of the finite-dispatch scenario output.,Demand-bound sensitivity; not an observed or calibrated annual Frontier-to-ORNL operation.
dispatch_generic_storage_upper_demand_useful_heat_delivered,Finite dispatch sensitivity,generic_storage_upper_demand useful heat delivered,17420.0717623654,MWh_th,"17,420.1",DEMAND_BOUND_MODEL_OUTPUT,CONDITIONAL,results/dispatch/finite_dispatch_summary.csv,scenario_id == generic_storage_upper_demand; useful_heat_delivered_mwh,8ae7bd21686b5cbfa9dea1f04c5bdf19624999a721e99b3e89e23fdabd208ebf,Direct selection of the finite-dispatch scenario output.,Demand-bound sensitivity; not an observed or calibrated annual Frontier-to-ORNL operation.
dispatch_generic_storage_upper_demand_residual_source_rejection,Finite dispatch sensitivity,generic_storage_upper_demand residual source rejection,63501.344584608,MWh_th,"63,501.3",DEMAND_BOUND_MODEL_OUTPUT,CONDITIONAL,results/dispatch/finite_dispatch_summary.csv,scenario_id == generic_storage_upper_demand; residual_source_rejection_mwh,8ae7bd21686b5cbfa9dea1f04c5bdf19624999a721e99b3e89e23fdabd208ebf,Direct selection of the finite-dispatch scenario output.,Demand-bound sensitivity; not an observed or calibrated annual Frontier-to-ORNL operation.
dispatch_generic_storage_upper_demand_demand_served,Finite dispatch sensitivity,generic_storage_upper_demand demand served,0.994296333468345,fraction,99.430%,DEMAND_BOUND_MODEL_OUTPUT,CONDITIONAL,results/dispatch/finite_dispatch_summary.csv,scenario_id == generic_storage_upper_demand; demand_served_fraction,8ae7bd21686b5cbfa9dea1f04c5bdf19624999a721e99b3e89e23fdabd208ebf,Direct selection of the finite-dispatch scenario output.,Demand-bound sensitivity; not an observed or calibrated annual Frontier-to-ORNL operation.
dispatch_scenario_count,Finite dispatch sensitivity,Finite-dispatch scenarios,7,count,7,MODEL_CONFIGURATION,CONDITIONAL,results/dispatch/finite_dispatch_metadata.json,scenario_count,5316c7878d5e1f1e9ca3be80f6b0a4e7aeba10400dc329b9d9174b26cb9a6fd8,Direct metadata value.,Includes a zero-demand rejection baseline and six demand-bound sensitivities.
dispatch_timeseries_rows,Finite dispatch sensitivity,Finite-dispatch timestep rows,367920,count,"367,920",DERIVED_MODEL_OUTPUT,CONDITIONAL,results/dispatch/finite_dispatch_metadata.json,scenario_count * intervals_per_scenario,5316c7878d5e1f1e9ca3be80f6b0a4e7aeba10400dc329b9d9174b26cb9a6fd8,Product of scenario count and calendar intervals per scenario.,Row count is not independent empirical replication.
dispatch_served_fraction_min,Finite dispatch sensitivity,Minimum nonzero-demand served fraction,0.944121312873576,fraction,94.4121%,DEMAND_BOUND_MODEL_OUTPUT,CONDITIONAL,results/dispatch/finite_dispatch_summary.csv,min(demand_served_fraction where demand_mwh > 0),8ae7bd21686b5cbfa9dea1f04c5bdf19624999a721e99b3e89e23fdabd208ebf,Minimum across the six nonzero-demand dispatch sensitivities.,Demand is represented by bounds rather than a measured synchronized trace.
dispatch_served_fraction_max,Finite dispatch sensitivity,Maximum nonzero-demand served fraction,1,fraction,100.0000%,DEMAND_BOUND_MODEL_OUTPUT,CONDITIONAL,results/dispatch/finite_dispatch_summary.csv,max(demand_served_fraction where demand_mwh > 0),8ae7bd21686b5cbfa9dea1f04c5bdf19624999a721e99b3e89e23fdabd208ebf,Maximum across the six nonzero-demand dispatch sensitivities.,Demand is represented by bounds rather than a measured synchronized trace.
dispatch_residual_rejection_min,Finite dispatch sensitivity,Minimum residual source rejection,63501.344584608,MWh_th,"63,501.3",DEMAND_BOUND_MODEL_OUTPUT,CONDITIONAL,results/dispatch/finite_dispatch_summary.csv,min(residual_source_rejection_mwh),8ae7bd21686b5cbfa9dea1f04c5bdf19624999a721e99b3e89e23fdabd208ebf,Minimum across all seven finite-dispatch scenarios.,Does not establish an environmentally admissible rejection pathway.
dispatch_residual_rejection_max,Finite dispatch sensitivity,Maximum residual source rejection,75573.5905508154,MWh_th,"75,573.6",DEMAND_BOUND_MODEL_OUTPUT,CONDITIONAL,results/dispatch/finite_dispatch_summary.csv,max(residual_source_rejection_mwh),8ae7bd21686b5cbfa9dea1f04c5bdf19624999a721e99b3e89e23fdabd208ebf,Maximum across all seven finite-dispatch scenarios.,Does not establish an environmentally admissible rejection pathway.
dispatch_max_balance_error,Finite dispatch sensitivity,Maximum absolute timestep thermal-balance error,1.13686837721616e-13,MWh_th,1.137e-13,NUMERICAL_DIAGNOSTIC,VALIDATION,results/dispatch/finite_dispatch_summary.csv,max(maximum_absolute_thermal_balance_error_mwh),8ae7bd21686b5cbfa9dea1f04c5bdf19624999a721e99b3e89e23fdabd208ebf,Maximum absolute scenario-level timestep balance diagnostic.,Numerical closure does not validate missing empirical inputs.
case_c_avoided_operational_emissions,Conditional techno-economics,Normalized Case-C avoided operational emissions,107.206109476589,kg_CO2e_per_MWh_useful_heat,107.21,GENERIC_COMPARATOR_OUTPUT,CONDITIONAL,results/techno_economic/energy_emissions.csv,scenario_id == C_case_cop_SRTV_total_output; avoided_operational_co2e_kg / useful_heat_delivered_mwh,c07eb0a28410a234da582b8ddaee4be2abfbe14346712883f6a5c4e0922d54f6,Avoided operational emissions divided by useful heat delivered.,Operational energy comparison only; not case-specific lifecycle CO2e.
generic_full_system_lcoh,Conditional techno-economics,Generic full-system comparator LCOH,56.5115507190526,USD_2025_per_MWh_th,56.51,GENERIC_COMPARATOR_OUTPUT,CONDITIONAL,results/techno_economic/economics.csv,scenario_id == C_generic_full_system; lcoh_usd2025_per_mwh_th,be2efbc04732130430d2c0f566eef4fdde6a4779afec7c7e828d01411ea6aca5,Direct selection of the generic full-system comparator.,Not a Frontier-specific installed-cost estimate.
techno_economic_sensitivity_count,Conditional techno-economics,Techno-economic sensitivity cases,3888,count,"3,888",MODEL_OUTPUT,CONDITIONAL,results/techno_economic/sensitivity.csv,row_count,26b3815eb1c57abb67e744a51cd1afeadb7674794d66094268b082963abb2cf6,Number of predefined sensitivity combinations.,Sensitivity coverage does not replace case-specific calibration.
sensitivity_avoided_emissions_min,Conditional techno-economics,Minimum avoided operational emissions sensitivity,-26.3518104475166,kg_CO2e_per_MWh_useful_heat,-26.35,GENERIC_SENSITIVITY_OUTPUT,CONDITIONAL,results/techno_economic/sensitivity.csv,min(avoided_operational_co2e_kg_per_mwh),26b3815eb1c57abb67e744a51cd1afeadb7674794d66094268b082963abb2cf6,Minimum across the predefined techno-economic sensitivity grid.,Operational energy comparison only; not lifecycle CO2e.
sensitivity_avoided_emissions_max,Conditional techno-economics,Maximum avoided operational emissions sensitivity,149.247718461677,kg_CO2e_per_MWh_useful_heat,149.25,GENERIC_SENSITIVITY_OUTPUT,CONDITIONAL,results/techno_economic/sensitivity.csv,max(avoided_operational_co2e_kg_per_mwh),26b3815eb1c57abb67e744a51cd1afeadb7674794d66094268b082963abb2cf6,Maximum across the predefined techno-economic sensitivity grid.,Operational energy comparison only; not lifecycle CO2e.
sensitivity_incremental_npc_min,Conditional techno-economics,Minimum incremental NPC sensitivity,-4690918.07759713,USD_2025,"-4,690,918",GENERIC_SENSITIVITY_OUTPUT,CONDITIONAL,results/techno_economic/sensitivity.csv,min(incremental_npc_usd2025),26b3815eb1c57abb67e744a51cd1afeadb7674794d66094268b082963abb2cf6,Minimum across the predefined techno-economic sensitivity grid.,Not a Frontier-specific project NPC.
sensitivity_incremental_npc_max,Conditional techno-economics,Maximum incremental NPC sensitivity,6806847.50666369,USD_2025,"6,806,848",GENERIC_SENSITIVITY_OUTPUT,CONDITIONAL,results/techno_economic/sensitivity.csv,max(incremental_npc_usd2025),26b3815eb1c57abb67e744a51cd1afeadb7674794d66094268b082963abb2cf6,Maximum across the predefined techno-economic sensitivity grid.,Not a Frontier-specific project NPC.
supported_practical_mode_count,Practical endpoint,Practical modes selected as supported,0,count,0,EVIDENCE_GATE_OUTPUT,EXCLUDED,results/techno_economic/practical_pareto_modes.csv,sum(selected_practical_mode == true),a525d3903c66bc15b90052c8a83b971369c7f8d887e82444ad66728e07a43796,Count of practical modes passing the current evidence gates.,Zero means no calibrated practical annual endpoint is supported.
